Transcribed Name,Artifact Number,Artist Name Roman,Artist Name Cyrillic,Second Artist Name Roman,Second Artist Name Cyrillic,Artist Notes,Poster Notes
Unknown,PP 001,Artist Unknown,неизвестный художник,,,,
Unknown,PP 002,Artist Unknown,неизвестный художник,,,,Poster is in Polish language
"Ivanov, V.",PP 003,"Ivanov, Viktor Semenovich","Иванов, Виктор Семёнович",,,Born in 1909; Died in 1968,
"Solov'ev, E.",PP 004,"Solov'ev, E.","Соловьев, E.",,,,
Unknown,PP 005,Artist Unknown,неизвестный художник,,,,
Grabovetskii,PP 006,"Grabovetskii, Emmanuil Markovich","Грабовецкий, Эммануил Маркович",,,Born in 1912; Died in 2007,
"Apsit, A.",PP 007,"Apsitis (Apsītis), Aleksandr (Aleksandrs) Petrovich","Апситис, Александр Петрович",,,Born in 1880; Died in 1944,Attributed to Apsit
Baliasnyi,PP 008,"Baliasnyi, M.M. ","Балясный, M.M. ","Kruzhkov, Il'ia Markovich; Kruchakov, Samuil Abramovich","Кружков, Илья Маркович , Кручаков, Самуил Абрамович",,Poster contains no given names of the artists
"Kost, V.",PP 009,"Kostianitsyn, Vasilii Nikolaevich ","Костяницын, Василий Николаевич  ",,,Born in 1881; Died in 1940,"Artist signed their posters under two pen names, Kost and Kostits"
Unknown,PP 010,Artist Unknown,неизвестный художник,,,,
Unknown,PP 011,Artist Unknown,неизвестный художник,,,,
O Kh,PP 012,O Kh  (Okh),OX,,,,Artist signs poster with initials
"Zeiler, G.F.",PP 013,"Zeiler (Seiler), G.F.","Зейлер, Г.Ф. ",,,,"Poster contains what appears to be an artist's chop with initials 'G.G.Z.' and if correct, it would make the artist's name G.G. Zeiler (Seiler)"
"Kochergin, N.",PP 014,"Kochergin, Nikolai Mikhailovich","Кочергин, Николай Михайлович ",,,Born in 1897; Died in 1974,Attributed to Kochergin
"Apsit, A.",PP 015,"Apsitis (Apsītis), Aleksandr (Aleksandrs) Petrovich","Апситис, Александр Петрович",,,Born in 1880; Died in 1944,"Artist signs poster with pen name, Skif"
"Moor, D.",PP 016,"Orlov, (Moor) Dmitrii Stakhievich","Орлов, (Моор) Дмитрий Стахиевич",,,Born in 1883; Died in 1946; Moor is the artist's pen name,
"Kiselis, P.",PP 017,"Kiselis, Petr Yul’evich (Yur’evich)","Киселис, Пётр Юрьевич (Юрьевич)",,,Born in 1890; Died in 1940,
Unknown,PP 018,Artist Unknown,неизвестный художник,,,,
"Koretskii, V.",PP 019,"Koretskii, Viktor Borisovich","Корецкий, Виктор Борисович",,,Born in 1909; Died in 1998,
Unknown,PP 020,Artist Unknown,неизвестный художник,,,,
Unknown,PP 021,Artist Unknown,неизвестный художник,,,,
Unknown,PP 022,Artist Unknown,неизвестный художник,,,,
"Efimov, B.",PP 023,"Efimov, Boris Efimovich (Fridliand)","Ефимов, Борис Ефимович (Фридлянд) ",,,Born in 1900; Died in 2008,"Poster is signed with the pen name, ""Кольценко""; Attributed to Efimov"
Unknown,PP 024,Artist Unknown,неизвестный художник,,,,
"Apsit, A.",PP 025,"Apsitis (Apsītis), Aleksandr (Aleksandrs) Petrovich","Апситис, Александр Петрович",,,Born in 1880; Died in 1944,"Artist signs poster with pen name, Skif"
"Moor, D.",PP 026,"Orlov, (Moor) Dmitrii Stakhievich","Орлов, (Моор) Дмитрий Стахиевич",,,Born in 1883; Died in 1946; Moor is the artist's pen name,
"Grinets', D.",PP 027,"Grinets', D.","Гринець, Д.",,,,
Unknown,PP 028,Artist Unknown,неизвестный художник,,,,
Kukryniksy,PP 029,"Kupriianov, Mikhail Vasil'evich; Krylov, Porfirii Nikitich; Sokolov, Nikolai  Aleksandrovich","Кукрыниксы: Куприянов, Михаил Васильевич; Крылов, Порфирий Никитич; Соколов, Николай Александрович",,,,
Unknown,PP 030,Artist Unknown,неизвестный художник,,,,
Unknown,PP 031,Artist Unknown,неизвестный художник,,,,
"Arakelov, V.",PP 032,"Arakelov, Vartan Neresovich","Аракелов, Вартан Нерсесович",,,Born in 1883; Died in 1955,
"Gontar', E.",PP 033,"Gontar', E.","Гонтарь, Е.",,,,
Unknown,PP 034,Artist Unknown,неизвестный художник,,,,
"Urbetis, K",PP 035,"Urbetis, Konstantin Kazimirovich","Урбетис, Константин Казимирович",,,Born in 1905; Died in 1992,
"Dobrov, A.",PP 036,"Dobrov, Alexander Nikolaevich","Добров, Александр Николаевич","Reshetnikov, Boris Andreevich","Решетников, Борис Андреевич",,
"Reshetnikov, B.",PP 037,"Reshetnikov, Boris Andreevich","Решетников, Борис Андреевич",,,Born in 1921,
"Spasskii, V.",PP 038,"Spasskii, Vasilii Vasil'evich","Спасский, Василий Васильевич",,,Born in 1870; Died in 1923,
"Iang, I.A.",PP 039,"Ganf, (Iang) Iosif Abramovich","Ганф, (Янг) Иосиф Абрамович",,,Ganf is actual surname,
"Apsit, A.",PP 040,"Apsitis (Apsītis), Aleksandr (Aleksandrs) Petrovich","Апситис, Александр Петрович",,,Born in 1880; Died in 1944,Artist signs with a chop
"Ivanov, V.",PP 041,"Ivanov, Viktor Semenovich","Иванов, Виктор Семёнович",,,Born in 1909; Died in 1968,
"Mel'nikov, D.",PP 042,"Mel'nikov, Dmitrii Ivanovich","Мельников, Дмитрий Иванович",,,Born in 1899; Died in 1966,
"Sur'ianinov, V.",PP 043,"Sur'ianinov, Vasilii Vasil'evich","Сурьянинов, Василий Васильевич",,,Born in 1903; Died in 1991; father of artist Ruben Sur'ianinov,
"Koretskii, V.",PP 044,"Koretskii, Viktor Borisovich","Корецкий, Виктор Борисович",,,Born in 1909; Died in 1998,
Unknown,PP 045,Artist Unknown,неизвестный художник,,,,
Unknown,PP 046,Artist Unknown,неизвестный художник,,,,
"Mukharskii, S.",PP 047,"Mukharskii, Stepan Matveevich","Мухарский, Степан Матвеевич",,,,
"Aliakrinskii, P.",PP 048,"Aliakrinskii, Petr Aleksandrovich","Алякринский, Петр Александрович", ,,Born in 1892; Died in 1961,
"Abramov, M.",PP 049,"Abramov, Mark Aleksandrovich","Абрамов, Марк Александрович ","Dobrovol'skii, V.","Добровольский, Виктор Николаевич",,
"Koretskii, V.",PP 050,"Koretskii, Viktor Borisovich","Корецкий, Виктор Борисович",,,Born in 1909; Died in 1998,
"Moor, D.",PP 051,"Orlov, (Moor) Dmitrii Stakhievich","Орлов, (Моор) Дмитрий Стахиевич",,,Born in 1883; Died in 1946; Moor is the artist's pen name,
Unknown,PP 052,Artist Unknown,неизвестный художник,,,,
"Deni, V.",PP 053,"Deni (Denisov), Viktor Nikolaevich ","Дени (Денисов), Виктор Николаевич ",,,Born in 1893; Died in 1946,
Unknown,PP 054,Artist Unknown,неизвестный художник,,,,
Unknown,PP 055,Artist Unknown,неизвестный художник,,,,
"Apsit, A.",PP 056,"Apsitis (Apsītis), Aleksandr (Aleksandrs) Petrovich","Апситис, Александр Петрович",,,Born in 1880; Died in 1944,
S.Ia.,PP 057,S.Ia. Sia),С.Я. (СЯ),,,,
"Deineko, P.",PP 058,"Deineko, P.","Дейнеко, П.",,,,
"Klutsis, G.",PP 059,"Klutsis (Klucis), Gustav (Gustavs) Gustavovich","Клуцис, Густав Густавович ",,,Born in 1895; Died in 1938 or 1944,
Unknown,PP 060,Artist Unknown,неизвестный художник,,,,Poster is in Azerbaijani language
"Eiges, O.",PP 061,"Eiges, Olga Viacheslavovna","Эйгес, Ольга Вячеславовна ",,,Born in 1910; Died in 1996,
"Martinov, A.V.",PP 062,"Martinov, A.V.","Мартинов, А.В. ",,,,
"Govorkov, V.",PP 063,"Govorkov, Viktor Ivanovich","Говорков, Виктор Иванович",,,Born in 1906; Died in 1974,Poster is in Yakut language
"Gromitskii, I.",PP 064,"Gromitskii, Iosif Ivanovich","Громицкий, Иосиф Иванович",,,Born in 1904; Died in 1991,Poster is in Yakut language
"Slipchenko, M.",PP 065,"Slipchenko, M.","Слипченко, М.",,,,
"Dolgorukov, N.",PP 066,"Dolgorukov, Nikolai Andreevich","Долгоруков, Николай Андреевич",,,Born in 1902; Died in 1980,
"Koretskii, V.",PP 067,"Koretskii, Viktor Borisovich","Корецкий, Виктор Борисович",,,Born in 1909; Died in 1998,
"Koretskii, V.",PP 068,"Koretskii, Viktor Borisovich","Корецкий, Виктор Борисович",,,Born in 1909; Died in 1998,
"Koretskii, V.",PP 069,"Koretskii, Viktor Borisovich","Корецкий, Виктор Борисович",,,Born in 1909; Died in 1998,
"Koretskii, V.",PP 070,"Koretskii, Viktor Borisovich","Корецкий, Виктор Борисович",,,Born in 1909; Died in 1998,
"Koretskii, V.",PP 071,"Koretskii, Viktor Borisovich","Корецкий, Виктор Борисович",,,Born in 1909; Died in 1998,
"Lebedev, B.",PP 072,"Lebedev, B.","Лебедев, Б.",,,,
"Karpovskii, N.",PP 073,"Karpovskii, Naum Pavlovich","Карповский, Наум Павлович",,,,
"Govorkov, V.",PP 074,"Govorkov, Viktor Ivanovich","Говорков, Виктор Иванович",,,Born in 1906; Died in 1974,
"Nesterova, M.",PP 075,"Nesterova-Berzina, Maria Aleksandrovna","Нестерова-Берзина, Мария Александровна",,,Born in 1897; Died in 1965,
"Petrov, N.",PP 076,"Petrov, N.","Петров, Н.","Abramov, Mark Aleksandrovich","Абрамов, Марк Александрович",,
"Kossov, A.",PP 077,"Kossov, A.","Коссов, А.",,,,
"Govorkov, V.",PP 078,"Govorkov, Viktor Ivanovich","Говорков, Виктор Иванович",,,Born in 1906; Died in 1974,
"Koretskii, V.",PP 079,"Koretskii, Viktor Borisovich","Корецкий, Виктор Борисович",,,Born in 1909; Died in 1998,
"Koretskii, V.",PP 080,"Koretskii, Viktor Borisovich","Корецкий, Виктор Борисович",,,Born in 1909; Died in 1998,
"Koretskii, V.",PP 081,"Koretskii, Viktor Borisovich","Корецкий, Виктор Борисович",,,Born in 1909; Died in 1998,
"Koretskii, V.",PP 082,"Koretskii, Viktor Borisovich","Корецкий, Виктор Борисович",,,Born in 1909; Died in 1998,
"Koretskii, V.",PP 083,"Koretskii, Viktor Borisovich","Корецкий, Виктор Борисович",,,Born in 1909; Died in 1998,
"Koretskii, V.",PP 084,"Koretskii, Viktor Borisovich","Корецкий, Виктор Борисович",,,Born in 1909; Died in 1998,
"Gordon, M.A.",PP 085,"Gordon, Mikhail Abramovich","Гордон, Михаил Абрамович",,,Born in 1918; Died in 2003,
"Ivanov, V.",PP 086,"Ivanov, Viktor Semenovich","Иванов, Виктор Семёнович",,,Born in 1909; Died in 1968,
"Karpenko, M.",PP 087,"Karpenko, Mikhail Mikhailovich","Карпенко, Михаил Михайлович ",,,Born in 1915; Death date unknown,
"Ivanov, V.",PP 088,"Ivanov, Viktor Semenovich","Иванов, Виктор Семёнович",,,Born in 1909; Died in 1968,
Liubimov,PP 089,Liubimov,Любимов,,,Artist signs poster using only their surname ,Poster is in Oirat language
"Govorkov, V.",PP 090,"Govorkov, Viktor Ivanovich","Говорков, Виктор Иванович",,,Born in 1906; Died in 1974,
"Ivanov, S.",PP 091,"Ivanov, Sergei Ivanovich","Иванов, Сергей Иванович ",,,,
"Moor, D.",PP 092,"Orlov, (Moor) Dmitrii Stakhievich","Орлов, (Моор) Дмитрий Стахиевич",,,Born in 1883; Died in 1946; Moor is the artist's pen name,
"Solov'ev, M.",PP 093,"Solov'ev, Mikhail Mikailovich","Соловьев, Михаил Михайлович",,,Born in 1905; Died in 1990,
"Sakharov, S.",PP 094,"Sakharov, Sergei Georgievich","Сахаров, Сергей Георгиевич",,,Born in 1906; Died in 1969,
"Koretskii, V.",PP 095,"Koretskii, Viktor Borisovich","Корецкий, Виктор Борисович",,,Born in 1909; Died in 1998,
"Cheprakov, K.",PP 096,"Cheprakov, Konstantin Pavlovich","Чепраков, Константин Павлович",,,Born in 1907; Died in 1972,Poster is in Uzbek language
"Mukhin, B.",PP 097,"Mukhin, Boris Aleksandrovich","Мухин, Борис Александрович",,,,
"Koretskii, V.",PP 098,"Koretskii, Viktor Borisovich","Корецкий, Виктор Борисович",,,Born in 1909; Died in 1998,
"Solov'ev, M.",PP 099,"Solov'ev, Mikhail Mikailovich","Соловьев, Михаил Михайлович",,,Born in 1905; Died in 1990,
"Berezovskii, B.",PP 100,"Berezovskii, Boris Feoktistovich","Березовский, Борис Феоктистович ",,,Born in 1910; Died in 1977,
"Zabaluev, S.",PP 101,"Zabaluev, Stanislav Mikhailovich","Забалуев, Станислав Михайлович",,,,
"Ivanov, V.",PP 102,"Ivanov, Viktor Semenovich","Иванов, Виктор Семёнович",,,Born in 1909; Died in 1968,
"Smoliak, N.",PP 103,"Smoliak, Nikolai Petrovich","Смоляк, Николай Петрович",,,Born in 1910; Died in 1963,
"Sakharov, S.",PP 104,"Sakharov, Sergei Georgievich","Сахаров, Сергей Георгиевич","Kuzgrinov, Konstantin Mikhailovich","Кузгинов, Константин Михайлович",Born in 1906; Died in 1969,
"Moor, D.",PP 105,"Orlov, (Moor) Dmitrii Stakhievich","Орлов, (Моор) Дмитрий Стахиевич",,,Born in 1883; Died in 1946; Moor is the artist's pen name,
"Koretskii, V.",PP 106,"Koretskii, Viktor Borisovich","Корецкий, Виктор Борисович","Abezgus, Evgenii Vladimirovich","Абезгус, Евгений Владимирович",Born in 1909; Died in 1998,
"Denisov, N.",PP 107,"Denisov, Nikolai Viktorovich","Денисов, Николай Викторович ",,,,
"Pisarevskii, M.M.",PP 108,"Pisarevskii, Mikhail Mikhailovich","Писаревский, Михаил Михайлович",,,Born in 1918,
"Ivanov, V.",PP 109,"Ivanov, Viktor Semenovich","Иванов, Виктор Семёнович",,,Born in 1909; Died in 1968,
"Toidze, I.",PP 110,"Toidze, Iraklii Moiseevich","Тоидзе, Ираклий Моисеевич",,,Born in 1902; Died in 1985; Georgian artist,
"Nesterova, M.",PP 111,"Nesterova-Berzina, Maria Aleksandrovna","Нестерова-Берзина, Мария Александровна",,,Born in 1897; Died in 1965,
"Gordon, M.A.",PP 112,"Gordon, Mikhail Abramovich","Гордон, Михаил Абрамович",,,Born in 1918; Died in 2003,
"Deni, V.",PP 113,"Deni (Denisov), Viktor Nikolaevich ","Дени (Денисов), Виктор Николаевич ",,,Born in 1893; Died in 1946,
"Kokorekin, A.",PP 114,"Kokorekin, Aleksei Alekseevich","Кокорекин, Алексей Алексеевич ",,,Born in 1906; Died in 1959,
"Ivanov, V. ",PP 115,"Ivanov, Viktor Semenovich","Иванов, Виктор Семёнович",,,Born in 1909; Died in 1968,
"Ivanov, V.",PP 116,"Ivanov, Viktor Semenovich","Иванов, Виктор Семёнович",,,Born in 1909; Died in 1968,
"Belopol'skii, B.",PP 117,"Belopol'skii, Boris Naumovich","Белопольский, Борис Наумович",,,,
"Koliabin, V.",PP 118,"Koliabin, Vladimir","Колябин, Владимир",,,Born in 1921; Died in 1980,
"Rabichev, I.",PP 119,"Rabichev, Isaak Ben'evich","Рабичев, Исаак Беньевич",,,Born in 1896; Died in 1957,
"Pegov, S.",PP 120,"Pegov, S.","Пегов, С.",,,,
"Solov'ev, M.",PP 121,"Solov'ev, Mikhail Mikailovich","Соловьев, Михаил Михайлович",,,Born in 1905; Died in 1990,
"Koretskii, V.",PP 122,"Koretskii, Viktor Borisovich","Корецкий, Виктор Борисович",,,Born in 1909; Died in 1998,
"Solov'ev, Е.",PP 123,"Solov'ev, E.","Соловьев, E.",,,,
"Dolgorukov, N.",PP 124,"Dolgorukov, Nikolai Andreevich","Долгоруков, Николай Андреевич",,,Born in 1902; Died in 1980,
"Moor, D.",PP 125,"Orlov, (Moor) Dmitrii Stakhievich","Орлов, (Моор) Дмитрий Стахиевич",,,Born in 1883; Died in 1946; Moor is the artist's pen name,
"Ivanov, S.",PP 126,"Ivanov, Sergei Ivanovich","Иванов, Сергей Иванович ",,,,
Unknown,PP 127,Artist Unknown,неизвестный художник,,,,
"Kochergin, N.",PP 128,"Kochergin, Nikolai Mikhailovich","Кочергин, Николай Михайлович ",,,Born in 1897; Died in 1974,
Unknown,PP 129,Artist Unknown,неизвестный художник,,,,
"Pitirimov, K.",PP 130,"Pitirimov, K.","Питиримов, К.",,,,
"Moor, D.",PP 131,"Orlov, (Moor) Dmitrii Stakhievich","Орлов, (Моор) Дмитрий Стахиевич",,,Born in 1883; Died in 1946; Moor is the artist's pen name,"Attributed to Moor, D."
"Kogout, N.",PP 132,"Kogout, Nikolai Nikolaevich ","Когоут, Николай Николаевич",,,Born in 1891; Died in 1959,
"Golub', P.",PP 133,"Golub’, Petr Semenovich","Голубь, Петр Семенович",,,Born in 1913; Died in 1953,
"Egers, A.",PP 134,"Eger, (Egers) Arvid (Arvids) Reynkhol'dovich","Егер, (Егерс) Арвид (Арвидс) Рейнхольдович",,,Born in 1922; Latvian artist,
"Koretskii, V.",PP 135,"Koretskii, Viktor Borisovich","Корецкий, Виктор Борисович","Gitsevich, Vera Adamovna","Гицевич, Вера Адамовна",Born in 1909; Died in 1998,
"Karpenko, M.",PP 136,"Karpenko, Mikhail Mikhailovich","Карпенко, Михаил Михайлович",,,Born in 1915; Death date unknown,
Unknown,PP 137,Artist Unknown,неизвестный художник,,,,
"Khristoforov, S.A.",PP 138,"Khristoforov, Sergei Alexandrovich","Христофоров, Сергей Алехангрович ",,,,
Unknown,PP 139,Artist Unknown,неизвестный художник,,,,
"Kibardin, G.",PP 140,"Kibardin, Georgii Vladimirovich","Кибардин, Георгий Владимирович",,,Born in 1903; Died in 1963,
Unknown,PP 141,Artist Unknown,неизвестный художник,,,,
"Mrachkovskii, I.",PP 142,"Mrachkovskii, I.","Мрачковский, И.",,,,
Unknown,PP 143,Artist Unknown,неизвестный художник,,,,
Unknown,PP 144,Artist Unknown,неизвестный художник,,,,
Unknown,PP 145,Artist Unknown,неизвестный художник,,,,
Unknown,PP 146,Artist Unknown,неизвестный художник,,,,
Vasil'ev,PP 147,Vasil'ev,Васильев,,,Artist exhibited under surname only,
Finogenov,PP 148,"Finogenov, Konstantin Ivanovich","Финогенов, Константин Иванович",,,,
"Gorbunov, P.A.",PP 149,"Gorbunov, (Esin) Petr Afanas'evich","Горбунов, (Есин) Петр Афанасьевич",,,,
"Koretskii, V.",PP 150,"Koretskii, Viktor Borisovich","Корецкий, Виктор Борисович",,,Born in 1909; Died in 1998,
"Golub', P.",PP 151,"Golub’, Petr Semenovich","Голубь, Петр Семенович",,,Born in 1913; Died in 1953,
"Vatolina, N.",PP 152,"Vatolina, Nina Nikolaevicha","Ватолина, Нина Николаевна",,,Born in 1915; Died in 2002,
"Belopol'skii, B.",PP 153,"Belopol'skii, Boris Naumovich","Белопольский, Борис Наумович",,,,
"Druzhkov, A.",PP 154,"Druzhkov, Aleksandr Vasil'evich",Дружков Александр Васильевич,,,Born in 1912; death date unknown,
"Belopol'skii, B.",PP 155,"Belopol'skii, Boris Naumovich","Белопольский, Борис Наумович",,,,
"Schlesinger, J.",PP 156,"Schlesinger, Josef",,,,Born in 1919; Czech artist,
"Golovanov, L.",PP 157,"Golovanov, Leonid Fedorovich","Голованов, Леонид Федорович",,,,
"Buev, I.",PP 158,"Buev, Ivan Petrovich","Буев, Иван Петрович",,,,
"Buev, I.",PP 159,"Buev, Ivan Petrovich","Буев, Иван Петрович","Iordanskii, Boris Viacheslavovich","Иорданский, Борис Вячеславович ",,
Unknown,PP 160,Artist Unknown,неизвестный художник,,,,Produced by TASS; Poster note says image was photographed by F. Kislov (TASS)
Unknown,PP 161,Artist Unknown,неизвестный художник,,,,Produced by TASS
"Kokorekin, A.",PP 162,"Kokorekin, Aleksei Alekseevich","Кокорекин, Алексей Алексеевич ",,,Born in 1906; Died in 1959,
"Antonchenko, A.",PP 163,"Antonchenko, A.","Антонченко, А. ",,,Born in 1912; Died in 1977,
"Govorkov, V.",PP 164,"Govorkov, Viktor Ivanovich","Говорков, Виктор Иванович",,,Born in 1906; Died in 1974,
"Kominarets, I.",PP 165,"Kominarets (Komenarets), Igor Aleksandrovich","Коминарец (Коменарец), Игорь Александрович",,,,
"Koretskii, V.",PP 166,"Koretskii, Viktor Borisovich","Корецкий, Виктор Борисович",,,Born in 1909; Died in 1998,
"Golub', P.",PP 167,"Golub’, Petr Semenovich","Голубь, Петр Семенович","Chernov, A. ","Чернов, А.",Born in 1913; Died in 1953,
"Denisov, N.",PP 168,"Denisov, Nikolai Viktorovich","Денисов, Николай Викторович",,,,
Unknown,PP 169,Artist Unknown,неизвестный художник,,,,
"Briskin, V.",PP 170,"Briskin, Veniamin Markovich","Брискин, Вениамин Маркович","Ivanov, Konstantin Konstantinovich ","Иванов, Константин Константинович",Born in 1906: Died in 1982,
Unknown,PP 171,Artist Unknown,неизвестный художник,,,,
"Smoliak, N.",PP 172,"Smoliak, Nikolai Petrovich","Смоляк, Николай Петрович",,,Born in 1910; Died in 1963,
"Sur'ianinov, V.",PP 173,"Sur'ianinov, Vasilii Vasil'evich","Сурьянинов, Василий Васильевич",,,Born in 1903; Died in 1991; father of artist Ruben Sur'ianinov,
"Koretskii, V.",PP 174,"Koretskii, Viktor Borisovich","Корецкий, Виктор Борисович",,,Born in 1909; Died in 1998,
Eugaard,PP 175,Eugaard,,,,,Poster is in Ukrainian language and produced by the Germans during their Ukrainian occupation in WWII
Fridgato,PP 176,Fridgato,Фридгато,,,,Artist signs name with Roman letters
"Kokorekin, A.",PP 177,"Kokorekin, Aleksei Alekseevich","Кокорекин, Алексей Алексеевич ",,,Born in 1906; Died in 1959,
"Belopol'skii, B.",PP 178,"Belopol'skii, Boris Naumovich","Белопольский, Борис Наумович",,,,
"Berezovskii, B.",PP 179,"Berezovskii, Boris Feoktistovich","Березовский, Борис Феоктистович ",,,Born in 1910; Died in 1977,
"Koretskii, V.",PP 180,"Koretskii, Viktor Borisovich","Корецкий, Виктор Борисович",,,Born in 1909; Died in 1998,
"Ivanov, V.",PP 181 ,"Ivanov, Viktor Semenovich","Иванов, Виктор Семёнович",,,Born in 1909; Died in 1968,
"Efimov, B.",PP 182,"Efimov, Boris Efimovich (Fridliand)","Ефимов, Борис Ефимович (Фридлянд) ","Dolgorukov, Nikolai Andreevich","Долгоруков, Николай Андреевич",Born in 1900; Died in 2008,
"Grinshtein, I.",PP 183,"Grinshtein, Isaak Khaskelevich","Гринштейн, Исаак Хаскелевич",,,Born in 1909; Died in 1966,
"Mukhin, B.",PP 184,"Mukhin, Boris Aleksandrovich","Мухин, Борис Александрович",,,,
"Savostiuk, O.",PP 185,"Savostiuk, Oleg Mikhailovich","Савостюк, Олег Михайлович",,,Born in 1927,
"Mukhin, B.A.",PP 186,"Mukhin, Boris Aleksandrovich","Мухин, Борис Александрович",,,,
"Koretskii, V.",PP 187,"Koretskii, Viktor Borisovich","Корецкий, Виктор Борисович",,,Born in 1909; Died in 1998,
"Koretskii, V.",PP 188,"Koretskii, Viktor Borisovich","Корецкий, Виктор Борисович",,,Born in 1909; Died in 1998,
"Koretskii, V.",PP 189,"Koretskii, Viktor Borisovich","Корецкий, Виктор Борисович",,,Born in 1909; Died in 1998,
"Koretskii, V.",PP 190,"Koretskii, Viktor Borisovich","Корецкий, Виктор Борисович",,,Born in 1909; Died in 1998,
"Koretskii, V.",PP 191,"Koretskii, Viktor Borisovich","Корецкий, Виктор Борисович",,,Born in 1909; Died in 1998,
"Golub', P.",PP 192,"Golub’, Petr Semenovich","Голубь, Петр Семенович",,,Born in 1913; Died in 1953,
Unknown,PP 193,Artist Unknown,неизвестный художник,,,,Poster is in Russian language and an unknown language
"Hagverdiyev, H.",PP 194,"Hagverdiyev, Hassan ","Хагвердиев, Хасан",,,Azerbaijani artist,Attributed to Hassan Hagverdiyev; Poster is in Azerbaijani language
"Viktorov, V.",PP 195,"Viktorov, Valentin Petrovich","Викторов, Валентин Петрович",,,Born in 1909; Died in 1981,
"Kokorekin, A.",PP 196,"Kokorekin, Aleksei Alekseevich","Кокорекин, Алексей Алексеевич ",,,Born in 1906; Died in 1959,
"Iang, I.A.",PP 197,"Ganf, (Iang) Iosif Abramovich","Ганф, (Янг) Иосиф Абрамович",,,Ganf is actual surname,
Unknown,PP 198,Artist Unknown,неизвестный художник,,,,
"Ishmametov, M.",PP 199,"Ishmametov, Murat Khafizovich","Ишмаметов, Мурат Хафизович",,,Born in 1925; Died in 1990,
"Hofreiter, L.",PP 200,"Hofreiter, Ludwig",,,,,German produced poster for the occupation of Ukraine
"Lavrov, A.",PP 201,"Lavrov, Aleksei Ivanovich","Лавров, Алексей Иванович",,,,
"Druzhkov, A.",PP 202,"Druzhkov, Aleksandr Vasil'evich",Дружков Александр Васильевич,,,Born in 1912; death date unknown,
"Azhigirov, A.",PP 203,"Azhigirov, A.","Ажигиров, А.",,,,
"Khinskii, S.",PP 204,"Khinskii, Samuil Moiseevich","Хинский, Самуил Моисеевич",,,Born in 1916; Died in 1957 or 1961,Attributed to Khinskii
"Iordanskii, B.",PP 205,"Iordanskii, Boris Viacheslavovich","Иорданский, Борис Вячеславович ",,,,
Unknown,PP 206,Artist Unknown,неизвестный художник,,,,
"Karpovskii, N.P.",PP 207,"Karpovskii, Naum Pavlovich","Карповский, Наум Павлович",,,,
"Koretskii, V.",PP 208,"Koretskii, Viktor Borisovich","Корецкий, Виктор Борисович",,,Born in 1909; Died in 1998,
"Berezovskii, B.",PP 209,"Berezovskii, Boris Feoktistovich","Березовский, Борис Феоктистович ",,,Born in 1910; Died in 1977,
Unknown,PP 210,Artist Unknown,неизвестный художник,,,,Poster is in Chinese language
"Ivanov, K.",PP 211,"Ivanov, Konstantin Konstantinovich ","Иванов, Константин Константинович","El'tsufen, Mikhail Isaakovich","Эльцуфен, Михаил Исаакович",Born in 1921; Died in 2003,
Unknown,PP 212,Artist Unknown,неизвестный художник,,,,Poster is in Bulgarian language
"Ivanov, V.",PP 213,"Ivanov, Viktor Semenovich","Иванов, Виктор Семёнович","Burova, Ol'ga Konstantinova (uncredited)","Бурова, Ольга Константиновна (анонимный)",Born in 1909; Died in 1968,
"Bri-Bein, M.",PP 214,"Bri-Bein, Maria Feliksova","Бри-Бейн, Мария Феликсовна",,,Born in 1892; Died in 1971,
"Livanova, V.",PP 215,"Livanova, Vera Mikhailovna","Ливанова, Вера Михайловна",,,,
"Nesterova, M.",PP 216,"Nesterova-Berzina, Maria Aleksandrovna","Нестерова-Берзина, Мария Александровна",,,Born in 1897; Died in 1965,
"Koretskii, V.",PP 217,"Koretskii, Viktor Borisovich","Корецкий, Виктор Борисович","Ivanov, K.; Savostiuk, O.; Uspenskii, B.","Иванов, К.; Успенский, Б.; Савостюк, О. ",Born in 1909; Died in 1998,
"Zubarev, P.P.",PP 218,"Zubarev, Pavel Pavlovich","Зубарев, Павел Павлович",,,Born in 1907; Died in 1971,
"Ivanov, V. ",PP 219,"Ivanov, Viktor Semenovich","Иванов, Виктор Семёнович",,,Born in 1909; Died in 1968,
"Antonov, K.",PP 220,"Antonov, Konstantin Mikhailovich","Антонов, Константин Михайлович",,,Born in 1924,
K.,PP 221,K. (K),К. (К),,,,Artist signs poster with initials; Attributed to Mikhail Sergeevich Kal’manson
Unknown,PP 222,Artist Unknown,неизвестный художник,,,,Poster is in Chinese language
Unknown,PP 223,Artist Unknown,неизвестный художник,,,,
"Moor, D.",PP 224,"Orlov, (Moor) Dmitrii Stakhievich","Орлов, (Моор) Дмитрий Стахиевич","Sen'kin, Sergei Iakovlevich","Сенькин, Сергей Яковлевич",Born in 1883; Died in 1946; Moor is the artist's pen name,
Unknown,PP 225,Artist Unknown,неизвестный художник,,,,Poster is in German language
"Belopol'skii, B.",PP 226,"Belopol'skii, Boris Naumovich","Белопольский, Борис Наумович",,,,
"Denisov, N.",PP 227,"Denisov, Nikolai Viktorovich","Денисов, Николай Викторович","Pravdin, V.L.","Правдин, В.Г.",,
"Toidze, I.",PP 228,"Toidze, Iraklii Moiseevich","Тоидзе, Ираклий Моисеевич",,,Born in 1902; Died in 1985; Georgian artist,
"Ivanov, K.",PP 229,"Ivanov, Konstantin Konstantinovich ","Иванов, Константин Константинович",,,Born in 1921; Died in 2003,
"Kochegura, V.",PP 230,"Kochegura, Vladimir Arkhipovich","Кочегура, Владимир Архипович",,,,
"Deineko, P.",PP 231,"Deineko, P.","Дейнеко, П.",,,,
"Muchnik, G.",PP 232,"Muchnik, G.","Мучник, Г.",,,,
"Moor, D.",PP 233,"Orlov, (Moor) Dmitrii Stakhievich","Орлов, (Моор) Дмитрий Стахиевич","Sen'kin, Sergei Iakovlevich","Сенькин, Сергей Яковлевич",Born in 1883; Died in 1946; Moor is the artist's pen name,
"Berezovskii, B.",PP 234,"Berezovskii, Boris Feoktistovich","Березовский, Борис Феоктистович ","Solov'ev, M.; Shagin, I.","Солов'ев, М.; Шагин, И",Born in 1910; Died in 1977,
"Druzhkov, A.",PP 235,"Druzhkov, Aleksandr Vasil'evich",Дружков Александр Васильевич,"Shagin, I. M. ","Шагин, И.М. ",Born in 1912; death date unknown,
"Pravdin, V.",PP 236,"Pravdin (Pravdin-Rykhlov), Vladislav Grigor'evich","Правдин (Правдин-Рыхлов), Владислав Григорьевич",,,Born in 1911; Died in 1979,
"Lebedev, B.",PP 237,"Lebedev, B.","Лебедев, Б.",,,,
"Gelbergs, S.",PP 238,"Gelberg, (Gelbergs), Sеmion (Semjons) Aronovich","Гельберг (Гельбергс), Семен Аронович",,,Born in 1913; Died in 1986; Latvian artist,
"Medvedevs, V.",PP 239,"Medvedev, V.","Медведев, В.",,,,Poster is in Latvian language
"Artsrunian, E.",PP 240,"Artsrunian, Eduard Simonovich","Artsrunian, Eduard Simonovich",,,Born in 1929; Died in 2010,
Unknown,PP 241,Artist Unknown,неизвестный художник,,,,
"Leonov, Iu.",PP 242,"Leonov, Iurii Borisovich","Леонов, Юрий Борисович",,,,
"Iung, M.N.",PP 243,"Iung, M.N. ","Иунг, М.Н.",,,,
Unknown,PP 244,Artist Unknown,неизвестный художник,,,,
Unknown,PP 245,Artist Unknown,неизвестный художник,,,,
Unknown,PP 246,Artist Unknown,неизвестный художник,,,,
Unknown,PP 247,Artist Unknown,неизвестный художник,,,,
Unknown,PP 248,Artist Unknown,неизвестный художник,,,,
Unknown,PP 249,Artist Unknown,неизвестный художник,,,,
"Vertogradov, E.",PP 250,"Vertogradov, Evgenii Arkad'evich","Вертоградов, Евгений Аркадьевич",,,Artist born in Moscow 1941,
"Toidze, I.",PP 251,"Toidze, Iraklii Moiseevich","Тоидзе, Ираклий Моисеевич",,,Born in 1902; Died in 1985; Georgian artist,
L.B.,PP 252,L.B. (LB),Л.Б. (ЛБ),,,,Artist signs poster with initials
Lebeşev,PP 253,Lebesev (Lebeşev) (Lebeshev),Лебешев,,,Azerbaijani artist,Poster is in Azerbaijani language
"Karakashev, V.",PP 254,"Karakashev, Vilen Surenovich",Каракашев Вилен Суренович  ,,,Born in 1935,
"Biriukov, A.",PP 255,"Biriukov, A.","Бирюков, А. ",,,,
"Masiutin, V.N.",PP 256,"Masiutin, Vasilii Nikolaevich","Масютин, Василий Николаевич",,,Born in 1884; Died in 1955,
Unknown,PP 257,Artist Unknown,неизвестный художник,,,,
Unknown,PP 258,Artist Unknown,неизвестный художник,,,,
N.B.,PP 259,N.B. (NB),Н.Б. (НБ),,,,Artist signs poster with initials
Unknown,PP 260,Artist Unknown,неизвестный художник,,,,
Unknown,PP 261,Artist Unknown,неизвестный художник,,,,
Unknown,PP 262,Artist Unknown,неизвестный художник,,,,
"Borov, N.",PP 263,"Borov, N.","Боров, Н.","Zamskii, Grigorii Samulovich (Samoilovich)","Замский, Григорий Самуилович (Самойлович)",,
Unknown,PP 264,Artist Unknown,неизвестный художник,,,,This is an oversized poster
"Artsrunian, E.",PP 265,"Artsrunian, Eduard Simonovich","Artsrunian, Eduard Simonovich",,,Born in 1929; Died in 2010,
Kh. M.,PP 266,Kh. M. (KhM),ХМ,,,Abbreviation for the State Free Artists' Studios [Khudozhestvenye masterskii] – a cooperative that produced posters,
"Klutsis, G.",PP 267,"Klutsis (Klucis), Gustav (Gustavs) Gustavovich","Клуцис, Густав Густавович ",,,Born in 1895; Died in 1938 or 1944,
"Reshetnikov, B.",PP 268,"Reshetnikov, Boris Andreevich","Решетников, Борис Андреевич",,,Born in 1921,
"Tereshchenko, N.",PP 269,"Tereshchenko, Nikolai Ivanovich","Терещенко, Николай Иванович",,,Born in 1923; Died in 2005,
"Belopol'skii, B",PP 270,"Belopol'skii, Boris Naumovich","Белопольский, Борис Наумович",,,,
"Nikolaev, V.A.",PP 271,"Nikolaev, Vasilii Aleksandrovich","Николаев, Василий Александрович ",,,Born in 1906; Died in 1943,
"Viktorov, V.",PP 272,"Viktorov, Valentin Petrovich","Викторов, Валентин Петрович",,,Born in 1909; Died in 1981,
"Briskin, V.",PP 273,"Briskin, Veniamin Markovich","Брискин, Вениамин Маркович",,,Born in 1906: Died in 1982,
"Koretskii, V.",PP 274,"Koretskii, Viktor Borisovich","Корецкий, Виктор Борисович",,,Born in 1909; Died in 1998,
"Sachkov, V.",PP 275,"Sachkov, Vladimir Vasil'evich","Сачков, Владимир Васильевич",,,Born in 1928; Died in 2005,
Unknown,PP 276,Artist Unknown,неизвестный художник,,,,
"Ioganson, B.V.",PP 277,"Ioganson, Boris Vladimirovich","Иогансон, Борис Владимирович",,,Born in 1893; Died in 1973,
"Arkhipenko, A.",PP 278,"Arkhipenko, A.","Архипенко, А.",,,,
Unknown,PP 279,Artist Unknown,неизвестный художник,,,,Poster is in Bulgarian language
"Ivanov, D.",PP 280,"Ivanov, D.","Иванов, Д. ",,,Bulgarian graphic artist,Poster is in Bulgarian language
"Savostiuk, O.",PP 281,"Savostiuk, Oleg Mikhailovich","Савостюк, Олег Михайлович",,,Born in 1927,
Unknown,PP 282,Artist Unknown,неизвестный художник,,,,Poster is in Russian language and produced by the Germans during their Ukrainian occupation in WWII
Unknown,PP 283,Artist Unknown,неизвестный художник,,,,Poster is in Ukrainian language and produced by the Germans during their Ukrainian occupation in WWII
"Knirr, Heinrich",PP 284,"Knirr, Heinrich",,,,Born in 1862; Died in 1944,Poster is in Ukranian language; Attributed to Knirr but based on a photo by photographer Heinrich Hoffmann
"Deni, V.",PP 285,"Deni (Denisov), Viktor Nikolaevich ","Дени (Денисов), Виктор Николаевич ",,,Born in 1893; Died in 1946,
"Deni, V.",PP 286,"Deni (Denisov), Viktor Nikolaevich ","Дени (Денисов), Виктор Николаевич ",,,Born in 1893; Died in 1946,
Unknown,PP 287,Artist Unknown,неизвестный художник,,,,Poster is in Ukrainian language and produced by the Germans during their Ukrainian occupation in WWII
"Urbetis, K.",PP 288,"Urbetis, Konstantin Kazimirovich","Урбетис, Константин Казимирович",,,Born in 1905; Died in 1992,
"Ivanov, V.",PP 289,"Ivanov, Viktor Semenovich","Иванов, Виктор Семёнович",,,Born in 1909; Died in 1968,
"Iakovlev, N.",PP 290,"Iakovlev, N.","Яковлев, Н.",,,,Poster may incorrectly use  initial 'N' instead of 'I' for artist's given name
"Ivanov, K.",PP 291,"Ivanov, Konstantin Konstantinovich ","Иванов, Константин Константинович",,,Born in 1921; Died in 2003,
"Dolgorukov, N.",PP 292,"Dolgorukov, Nikolai Andreevich","Долгоруков, Николай Андреевич",,,Born in 1902; Died in 1980,
"Deni, V.",PP 293,"Deni (Denisov), Viktor Nikolaevich ","Дени (Денисов), Виктор Николаевич ","Dolgorukov, Nikolai Andreevich","Долгоруков, Николай Андреевич",Born in 1893; Died in 1946,
"Koretskii, V.",PP 294,"Koretskii, Viktor Borisovich","Корецкий, Виктор Борисович",,,Born in 1909; Died in 1998,
"Korobin, O.D.",PP 295,"Korobin, O.D.","Коробин, О. Д. ",,,,
"Golub', P.",PP 296,"Golub’, Petr Semenovich","Голубь, Петр Семенович",,,Born in 1913; Died in 1953,
"Khasieva, R.",PP 297,"Khasieva, Raisa Vasil'evna","Хасиева, Раиса Васильевна",,,Born in 1907; Death date unknown,
"Dolgorukov, N.",PP 298,"Dolgorukov, Nikolai Andreevich","Долгоруков, Николай Андреевич",,,Born in 1902; Died in 1980,
"Gorbunov, P.A.",PP 299,"Gorbunov, (Esin) Petr Afanas'evich","Горбунов, (Есин) Петр Афанасьевич",,,Born in 1891; Died in 1968,
"Kalenskii, V.",PP 300,"Kalenskii, Vladimir Dionisievich","Каленский, Владимир Дионисиевич","Kalenskaia, I.","Каленская, И.",Born in 1920,
"Marize, M.",PP 301,"Marize-Krasnokutskia, Mariia Alekseevna","Маризе-Краснокутская, Мария Алексеевна",,,,
"Zubarev, P.",PP 302,"Zubarev, Pavel Pavlovich","Зубарев, Павел Павлович",,,Born in 1907; Died in 1971,
Artist Pending,PP 303,Pending Translation,Без Перевода,,,,Poster is in Uzbek language
Decorative-Studio [of] PUR (art department),PP 304,PUR (Political Directorate of the Red Army) Decorative-Studio (art department),"ПУР, Декора-мастерская (художественное отделение)",,,,
Unknown,PP 305,Artist Unknown,неизвестный художник,,,,
"Koretskii, V.",PP 306,"Koretskii, Viktor Borisovich","Корецкий, Виктор Борисович",,,Born in 1909; Died in 1998,
"Grinshtein, I.",PP 307,"Grinshtein, Isaak Khaskelevich","Гринштейн, Исаак Хаскелевич",,,Born in 1909; Died in 1966,
"Gordon, M.A.",PP 308,"Gordon, Mikhail Abramovich","Гордон, Михаил Абрамович",,,Born in 1918; Died in 2003,
Unknown,PP 309,Artist Unknown,неизвестный художник,,,,"Poster is in Russian, Ukrainian, Belorussian, Georgian, Armenian and Azerbaijani languages"
"Kominarets, I.",PP 310,"Kominarets (Komenarets), Igor Aleksandrovich","Коминарец (Коменарец), Игорь Александрович",,,,
"Koretskii, V.",PP 311,"Koretskii, Viktor Borisovich","Корецкий, Виктор Борисович",,,Born in 1909; Died in 1998,
"Abezgus, E.",PP 312,"Abezgus, Evgenii Vladimirovich","Абезгус, Евгений Владимирович",,,,
"Kotliarevs'kii, I.",PP 313,"Kotliarevs'kii, I.","Котляревський, И.",,,,
"Vatolina, N.",PP 314,"Vatolina, Nina Nikolaevicha","Ватолина, Нина Николаевна",,,Born in 1915; Died in 2002,
"Tutevol', K.",PP 315,"Tutevol', Klavdia Aleksandrovna","Тутеволь, Клавдия Александровна",,,Born in 1917; Died in 1980,
"Govorkov, V.",PP 316,"Govorkov, Viktor Ivanovich","Говорков, Виктор Иванович",,,Born in 1906; Died in 1974,
"Vatolina, N.",PP 317,"Vatolina, Nina Nikolaevicha","Ватолина, Нина Николаевна",,,Born in 1915; Died in 2002,
"Rozenberg, A.",PP 318,"Rozenberg, A.M. ","Розенберг, А. М. ",,,,
"Ivanov, V.",PP 319,"Ivanov, Viktor Semenovich","Иванов, Виктор Семёнович",,,Born in 1909; Died in 1968,
"Kominarets, I.",PP 320,"Kominarets (Komenarets), Igor Aleksandrovich","Коминарец (Коменарец), Игорь Александрович",,,,
Unknown,PP 321,Artist Unknown,неизвестный художник,,,,
"Kiselis, P.",PP 322,"Kiselis, Petr Yul’evich (Yur’evich)","Киселис, Пётр Юрьевич (Юрьевич)",,,Born in 1890; Died in 1940,
MM,PP 323,MM,ММ,,,,Artist signs poster with initials
"Iang, I.A.",PP 324,"Ganf, (Iang) Iosif Abramovich","Ганф, (Янг) Иосиф Абрамович",,,Ganf is actual surname,
M.R.,PP 325,M.R. (MR),М.Р. (МР),,,,Artist signs poster with initials
"Ivanov, V.",PP 326,"Ivanov, Viktor Semenovich","Иванов, Виктор Семёнович",,,Born in 1909; Died in 1968,
"Buev, I.",PP 327,"Buev, Ivan Petrovich","Буев, Иван Петрович",,,,
"Koretskii, V.",PP 328,"Koretskii, Viktor Borisovich","Корецкий, Виктор Борисович",,,Born in 1909; Died in 1998,
"Koretskii, V.",PP 329,"Koretskii, Viktor Borisovich","Корецкий, Виктор Борисович",,,Born in 1909; Died in 1998,
"Koretskii, V.",PP 330,"Koretskii, Viktor Borisovich","Корецкий, Виктор Борисович",,,Born in 1909; Died in 1998,
Unknown,PP 331,Artist Unknown,неизвестный художник,,,,Poster is in Chinese language
"Pomanskii, N.",PP 332,"Pomanskii, Nikolai Nikolaevich","Поманский, Николай Николаевич",,,Born in 1887: Died in 1935 ,
"Pimenov, Iu.",PP 333,"Pimenov, Iurii (Georgii) Ivanovich","Пименов, Юрий (Георгий) Иванович",,,Born in 1903; Died in 1977,
Unknown,PP 334,Artist Unknown,неизвестный художник,,,,
"Apsit, A.",PP 335,"Apsitis (Apsītis), Aleksandr (Aleksandrs) Petrovich","Апситис, Александр Петрович",,,Born in 1880; Died in 1944,
"Apsit, A.",PP 336,"Apsitis (Apsītis), Aleksandr (Aleksandrs) Petrovich","Апситис, Александр Петрович",,,Born in 1880; Died in 1944,
"Kozlinskii, V.",PP 337,"Kozlinskii, Vladimir Ivanovich","Козлинский, Владимир Иванович","Klinch (Petrushanskii), Boris (Garri) Grigor'evich","Клинч (Петрушанский), Борис (Гарри) Григорьевич",,
Unknown,PP 338,Artist Unknown,неизвестный художник,,,,
SA,PP 339,S.A.(SA),С.А. (СА),,,,
"Denisov, N.",PP 340,"Denisov, Nikolai Viktorovich","Денисов, Николай Викторович",,,,
Unknown,PP 341,Artist Unknown,неизвестный художник,,,,
"Ushakov, L.",PP 342,"Ushakov, L.","Ушаков, Л.",,,,
"Koretskii, V.",PP 343,"Koretskii, Viktor Borisovich","Корецкий, Виктор Борисович",,,Born in 1909; Died in 1998,
"Koretskii, V.",PP 344,"Koretskii, Viktor Borisovich","Корецкий, Виктор Борисович",,,Born in 1909; Died in 1998,
"Druzhkov, A.",PP 345,"Druzhkov, Aleksandr Vasil'evich",Дружков Александр Васильевич,,,Born in 1912; death date unknown,
"Denisov, N.",PP 346,"Denisov, Nikolai Viktorovich","Денисов, Николай Викторович",,,,
"Koretskii, V.",PP 347,"Koretskii, Viktor Borisovich","Корецкий, Виктор Борисович",,,Born in 1909; Died in 1998,
Lörincz,PP 348,Lorincz (Lörincz),,,,Artist signs poster using only their surname ,Poster is in Czech language
"Sedlackova, D.",PP 349,"Sedlackova (Sedláčková), Dagmar ",,,,Born in 1931; Czech artist,
"Koretskii, V.",PP 350,"Koretskii, Viktor Borisovich","Корецкий, Виктор Борисович",,,Born in 1909; Died in 1998,
Unknown,PP 351,Artist Unknown,неизвестный художник,,,,Poster is in Ukranian language
Unknown,PP 352,Artist Unknown,неизвестный художник,,,,Poster is in Russian language and produced by the Germans during their Ukrainian occupation in WWII
"Kokorekin, A.",PP 353,"Kokorekin, Aleksei Alekseevich","Кокорекин, Алексей Алексеевич ",,,Born in 1906; Died in 1959,
Ia. Ch.,PP 354,Ia. Ch. (IaCh),ЯЧ,,,,Artist signs poster with initials
Unknown,PP 355,Artist Unknown,неизвестный художник,,,,
Unknown,PP 356,Artist Unknown,неизвестный художник,,,,
"Klement'evv, A.N.",PP 357,"Klement'evv, Arseni Nikolaevich",Клементьевв Арсенй Николаевич,,,Born in 1904; Died in 1971; artist is known for his cinema posters,
Unknown,PP 358,Artist Unknown,неизвестный художник,,,,
Unknown,PP 359,Artist Unknown,неизвестный художник,,,,Poster is in Ukrainian language and produced by the Germans during their Ukrainian occupation in WWII
Unknown,PP 360,Artist Unknown,неизвестный художник,,,,Poster is in Russian language and produced by the Germans during their Ukrainian occupation in WWII
Unknown,PP 361,Artist Unknown,неизвестный художник,,,,Poster is in Ukrainian language and produced by the Germans during their Ukrainian occupation in WWII
"Dobrovol'skii, V.",PP 362,"Dobrovol'skii, Viktor Nikolaevich ","Добровольский, Виктор Николаевич",,,,
"Klutsis, G.",PP 363,"Klutsis (Klucis), Gustav (Gustavs) Gustavovich","Клуцис, Густав Густавович ",,,Born in 1895; Died in 1938 or 1944,
"Knirr, Heinrich",PP 364,"Knirr, Heinrich",,,,Born in 1862; Died in 1944,Attributed to Knirr but based on a photo by photographer Heinrich Hoffmann
"Kokorekin, A.",PP 365,"Kokorekin, Aleksei Alekseevich","Кокорекин, Алексей Алексеевич ",,,Born in 1906; Died in 1959,
Hornick ,PP 366,Hornich (Hornick),,,,,"Artist signs the poster ""Hornich"" or ""Hornik""; German produced poster for the occupation of Ukraine"
"Sur'ianinov, R.",PP 367,"Sur'ianinov, Ruben Vasil'evich","Сурьянинов, Рубен Васильевич",,,Born in 1930; son of artist Vasilii Sur'ianinov,
"Gordon, M.A.",PP 368,"Gordon, Mikhail Abramovich","Гордон, Михаил Абрамович","Efimov, E.P. ","Ефимов, Е.П. ",Born in 1918; Died in 2003,
"Bubnov, A.",PP 369,"Bubnov, Aleksandr Pavlovich","Бубнов, Александр Павлович",,,,
"Sachkov, V.",PP 370,"Sachkov, Vladimir Vasil'evich","Сачков, Владимир Васильевич",,,Born in 1928; Died in 2005,
"Koretskii, V.",PP 371,"Koretskii, Viktor Borisovich","Корецкий, Виктор Борисович",,,Born in 1909; Died in 1998,
"Koretskii, V.",PP 372,"Koretskii, Viktor Borisovich","Корецкий, Виктор Борисович",,,Born in 1909; Died in 1998,
"Deni, V.",PP 373,"Deni (Denisov), Viktor Nikolaevich ","Дени (Денисов), Виктор Николаевич ",,,Born in 1893; Died in 1946,
Unknown,PP 374,Artist Unknown,неизвестный художник,,,,
"Vatolina, N.",PP 375,"Vatolina, Nina Nikolaevicha","Ватолина, Нина Николаевна",,,Born in 1915; Died in 2002,
"Artsrunian, E.",PP 376,"Artsrunian, Eduard Simonovich","Арцрунян, Эдуард Симонович","Sachkov, Vladimir","Сачков, Владимир",Born in 1929; Died in 2010,
"Moor, D.",PP 377,"Orlov, (Moor) Dmitrii Stakhievich","Орлов, (Моор) Дмитрий Стахиевич",,,Born in 1883; Died in 1946; Moor is the artist's pen name,"Attributed to Moor, D.  "
M.NV.,PP 378,M.NV. (NNV),М.НВ. (МНВ),,,,Artist signs poster with initials
"Martiniuk, P.S.",PP 379,"Martiniuk, P.S.","Мартинюк, П.С.",,,,
"Nivinskii, I.",PP 380,"Nivinskii, Ignatii Ignat'evich","Нивинский, Игнатий Игнатьевич",,,Born in 1881; Died in 1933,
"Prēdelis, U.",PP 381,"Predel (Prēdelis), Ulrich (Uldis)","Предель, Улдис",,,Born in 1920; Died in 1994; Latvian artist,
Unknown,PP 382,Artist Unknown,неизвестный художник,,,,
"Kütt, A.",PP 383,"Kütt (Kyutt), Alex (Allex)",,,,Born in 1921; Died in 1991; Estonian artist,
"Samoilov, L.",PP 384,"Samoilov-Babin (Samoilovilt), Lev Samoilovich","Самойлов-Бабин, Лев Самойлович",,,Born in 1918; Died in 1988; Artist was known as 'Lev Samoilov',Poster is in Estonian language
"Sachkov, V.",PP 385,"Sachkov, Vladimir Vasil'evich","Сачков, Владимир Васильевич",,,Born in 1928; Died in 2005,This is an oversized poster
"Molokov, A.",PP 386,"Molokov, A.","Молоков, А. ",,,,This is an oversized poster
Unknown,PP 387,Artist Unknown,неизвестный художник,,,,
LAB,PP 388,L.A.B. (LAB),Л.А.Б. (ЛАБ),,,,Artist signs poster with initials in the form of a stylized key or a chop
Unknown,PP 389,Artist Unknown,неизвестный художник,,,,Poster is in Russian and Uzbek languages
"Zotov, K.",PP 390,"Zotov, Konstantin Vasilevich","Зотов, Константин Васильевич",,,Born in 1906; Died in 1990,
"Sablin, M. ",PP 391,"Sablin, M. ","Саблин, М. ",,,,Poster is in Ukranian language
"Chupiatov, L.",PP 392,"Chupiatov, Leonid Terent'evich","Чупятов, Леонид Терентьевич",,,Born in 1890; Died in 1941,
Unknown,PP 393,Artist Unknown,неизвестный художник,,,,
Illegible,PP 394,initials illegible,неразборчивое имя,,,Artist's name is illegible but appears to be L.R.E.,Artist signs poster with initials
E.A.K.,PP 395,E.A.K. (EAK),Е.А.К. (ЕАК),,,,Artist signs poster with initals
"Stenberg, V.",PP 396,"Stenberg, Vladimir Avgustovich","Стенберг, Владимир Августович",,,Born in 1899; Died in 1982,Poster is in Kazakh language
"Efimov, B.",PP 397,"Efimov, Boris Efimovich (Fridliand)","Ефимов, Борис Ефимович (Фридлянд) ",,,Born in 1900; Died in 2008,
Kh. M.,PP 398,Kh. M. (KhM),ХМ,,,Abbreviation for the State Free Artists' Studios [Khudozhestvenye masterskii] – a cooperative that produced posters,
"Deni, V.",PP 399,"Deni (Denisov), Viktor Nikolaevich ","Дени (Денисов), Виктор Николаевич ",,"Дубчанов, Л",Born in 1893; Died in 1946,
Illegible,PP 400,illegible name,неразборчивое имя,,,Artist's name is illegible,Poster is in French language
Unknown,PP 401,Artist Unknown,неизвестный художник,,,,
Unknown,PP 402,Artist Unknown,неизвестный художник,,,,Poster is in Russian and Tartar languages
Unknown,PP 403,Artist Unknown,неизвестный художник,,,,
"Mukharskii, S.",PP 404,"Mukharskii, Stepan Matveevich","Мухарский, Степан Матвеевич",,,,
Unknown,PP 405,Artist Unknown,неизвестный художник,,,,
Unknown,PP 406,Artist Unknown,неизвестный художник,,,,"Text of poster is by an anonymous author, 'Bandurist'"
Shchankin'',PP 407,"Shchankin'', Vasilii Nikolaevich","Щанкин, Василий Николаевич",,,Born in 1876; Died in 1930,
Unknown,PP 408,Artist Unknown,неизвестный художник,,,,
F.L.,PP 409,F.L. (FL),Ф.Л. (ФЛ),,,,Artist signs poster with initials
Unknown,PP 410,Artist Unknown,неизвестный художник,,,,
"Cheremnykh, M.",PP 411,"Chermnykh, Mikhail Mikhailovich","Черемных, Михаил Михайлович",,,Born in 1890; Died in 1962,
Unknown,PP 412,Artist Unknown,неизвестный художник,,,,"12 Tolmacheva Street (today Karavannaia) was the offices of the Petrograd Provincial Credit Society. In 1919 the street was named for Nikolai Gurievich  Tolmachev, a Red Army official who organized the guarding of the Romanov family at Ipatiev House,  Yekaterinburg."
Unknown,PP 413,Artist Unknown,неизвестный художник,,,,
Emer,PP 414,Emer,Емер,,,,Artist's name might be a pen name; signs name using Roman letters
Unknown,PP 415,Artist Unknown,неизвестный художник,,,,Poster is in xxx language
Unknown,PP 416,Artist Unknown,неизвестный художник,,,,
Illegible,PP 417,"BA….,T.  (illegible)","Ба...,Т. (неразборчивое имя)",,,Artist's name is illegible; Russian artist,
Unknown,PP 418,Artist Unknown,неизвестный художник,,,,
Unknown,PP 419,Artist Unknown,неизвестный художник,,,,
N.Tr.,PP 420,N. Tr. (NTr),Н. ТР. (НТР),,,,Artist signs poster with initials
Illegible,PP 421,illegible name,неразборчивое имя,,,Аrtist's name is illegible ,
Unknown,PP 422,Artist Unknown,неизвестный художник,,,,
O. Kh. R.,PP 423,OKhR (O. Kh. R.) ,ОХР,,,,Poster was created by the Union of Realist Artists (OKhR)
Unknown,PP 424,Artist Unknown,неизвестный художник,,,,
"Luganskii, P.I.",PP 425,"Luganskii, Petr Ivanovich","Луганский, Петр Иванович",,,Born in 1911; Died in 1993,
I.I.N.,PP 426,I.I.N. (IIN),И.И.Н. (ИИН),,,,Artist signs poster with initials
Unknown,PP 427,Artist Unknown,неизвестный художник,,,,
"Pomanskii, N.",PP 428,"Pomanskii, Nikolai Nikolaevich","Поманский, Николай Николаевич",,,Born in 1887: Died in 1935,
M.D.,PP 429,M.D. (MD),М.Д. (МД),,,,Artist signs poster with initials
Ia.M.,PP 430,Ia.M. (IaM),Я.М. (ЯМ),,,,Artist signs poster with initials
G.B.,PP 431,G.B. (GB),Г.Б. (ГБ),,,,Artist signs poster with initials
"Ivanov, S.",PP 432,"Ivanov, Sergei Ivanovich","Иванов, Сергей Иванович ",,,,
Unknown,PP 433,Artist Unknown,неизвестный художник,,,,Poster is in Mari language
Unknown,PP 434,Glan,Глан,,,,"The word ""Glan"" is seen on this poster but it's uncertain if this is the name of the artist"
"Kokorekin, A.",PP 435,"Kokorekin, Aleksei Alekseevich","Кокорекин, Алексей Алексеевич ",,,Born in 1906; Died in 1959,
"Strakhov, A.",PP 436,"Strakhov-Braslaviskii, Adol'f Iosifovich","Страхов-Браславский, Адольф Иосифович",,,Born in 1896; Died in 1979,Poster is in German language
"Arraf, J.",PP 437,"Arraf, Jirri (Arrak, Siri)",,,,Artist's name 'Jirri Arraf' might be a pen name,
Unknown,PP 438,Artist Unknown,неизвестный художник,,,,
Goldman,PP 439,Goldman,Гольдман,,,,Poster is in Moldovan langauage
Sh.N.,PP 440,Sh.N. (ShN),Ш.Н. (ШН),,,,Artist signs poster with initials
Unknown,PP 441,Artist Unknown,неизвестный художник,,,,
Nu-Ar,PP 442,Nu-Ar,Ну–Ар,,,,Artist signs poster with initials
Unknown,PP 443,Artist Unknown,неизвестный художник,,,,
Unknown,PP 444,Artist Unknown,неизвестный художник,,,,
"Toidze, I.",PP 445,"Toidze, Iraklii Moiseevich","Тоидзе, Ираклий Моисеевич",,,Born in 1902; Died in 1985; Georgian artist,
"Gurarii, S. ",PP 446,"Guarii, Samarii Mikhailovich (Mikhuel'-Leibovich)","Гурарий, Самарий Михайлович (Михуэль-Лейбович)","Kirshin, Iu. ","Киршин, Юрий ",,
"Kokorekin, A.",PP 447,"Kokorekin, Aleksei Alekseevich","Кокорекин, Алексей Алексеевич ",,,Born in 1906; Died in 1959,
"Toidze, I.",PP 448,"Toidze, Iraklii Moiseevich","Тоидзе, Ираклий Моисеевич",,,Born in 1902; Died in 1985; Georgian artist,
"Dobrov, A.",PP 449,"Dobrov, Alexander Nikolaevich","Добров, Александр Николаевич",,,,
"Apsit, A.",PP 450,"Apsitis (Apsītis), Aleksandr (Aleksandrs) Petrovich","Апситис, Александр Петрович",,,Born in 1880; Died in 1944,
M.V.,PP 451,M.V. (MV),М.В. (МВ),,,,Artist signs poster with initials
"Klutsis, G.",PP 452,"Klutsis (Klucis), Gustav (Gustavs) Gustavovich","Клуцис, Густав Густавович ",,,Born in 1895; Died in 1938 or 1944,
"Klutsis, G.",PP 453,"Klutsis (Klucis), Gustav (Gustavs) Gustavovich","Клуцис, Густав Густавович ",,,Born in 1895; Died in 1938 or 1944,
Kokorin,PP 454,"Kokorin, Anatolii Vladimirovich","Kокорин, Aнатолий Bладимирович ",,,,
"Konevskii, A.",PP 455,"Kanevskii, Aminadav Moiseevich","Каневский, Аминадав Моисеевич",,,,Attributed to Kanevskii although the poster says 'Konevskii'; Poster is in Mari language
"Ivanov, S.",PP 456,"Ivanov, Sergei Ivanovich","Иванов, Сергей Иванович ",,,,Attributed to Sergei Ivanov
"Karachentsov, P.",PP 457,"Karachentsev, Petr Iakovlevich","Караченцев, Петр Яковлевич",,,,"Poster shows the name in error as ""Karachentsov"" "
Parkhet,PP 458,"Parkhet, Petr Panteleimovich","Пархет, Петр Пантелеймонович",Muchnik,Мучник (Мучнік),Born in 1907; Died in 1986,Poster lists artists by surname only
"Zotov, K.",PP 459,"Zotov, Konstantin Vasilevich","Зотов, Константин Васильевич",,,Born in 1906; Died in 1990,
"Marenkov, O.",PP 460,"Marenkov, O.","Маренков, О.",,,Ukranian artist,
T.B. ,PP 461,"Boichuk, Timofei L'vovich","Бойчук, Тимофей Львович",,,Born 1893 to 1896; Died in 1922,Attributed to Boichuck
"Moor, D.",PP 462,"Orlov, (Moor) Dmitrii Stakhievich","Орлов, (Моор) Дмитрий Стахиевич",,,Born in 1883; Died in 1946; Moor is the artist's pen name,"Attributed to Moor, D."
"Deni, V.",PP 463,"Deni (Denisov), Viktor Nikolaevich ","Дени (Денисов), Виктор Николаевич ",,,Born in 1893; Died in 1946,
"Kibardin, G.",PP 464,"Kibardin, Georgii Vladimirovich","Кибардин, Георгий Владимирович",,,Born in 1903; Died in 1963,
F.Sh.,PP 465,F.Sh. (Fsh),Ф.Ш. (ФШ),,,,Artist signs poster with initials; Poster is in Ukranian language
"Kostits, V. ",PP 466,"Kostianitsyn (Kost), Vasilii Nikolaevich ","Костяницын, Василий Николаевич  ",,,Born in 1881; Died in 1940,"Artist signed their posters under two pen names, Kost and Kostits"
"Chudov, Iu. N.",PP 467,"Chudov, Iury Nikolaevich","Чудов, Юры Николаевич",,,,
Unknown,PP 468,Artist Unknown,неизвестный художник,,,,
Unknown,PP 469,Artist Unknown,неизвестный художник,,,,
Unknown,PP 470,Artist Unknown,неизвестный художник,,,,
Unknown,PP 471,Artist Unknown,неизвестный художник,,,,
"Kal'manson, M.",PP 472,"Kal’manson, Mikhail Sergeevich","Кальмансон, Михаил Сергеевич",,,,
Unknown,PP 473,Artist Unknown,неизвестный художник,,,,
"Deni, V.",PP 474,"Deni (Denisov), Viktor Nikolaevich ","Дени (Денисов), Виктор Николаевич ",,,Born in 1893; Died in 1946,Attributed to Deni
Unknown,PP 475,Artist Unknown,неизвестный художник,,,,
Glik,PP 476,"Glik, M.","Глик, М.",,,,
Unknown,PP 477,Artist Unknown,неизвестный художник,,,,
"Vatolina, N.",PP 478,"Vatolina, Nina Nikolaevicha","Ватолина, Нина Николаевна",,,Born in 1915; Died in 2002,
"Panov, A.",PP 479,"Panov, A.","Панов, А.",,,,
"Faivishevich, N.V.",PP 480,"Faivishevich, N.V.","Файвишевич, Н.В.",,,,
"Vatolina, N.",PP 481,"Vatolina, Nina Nikolaevicha","Ватолина, Нина Николаевна",,,Born in 1915; Died in 2002,
"Ivanov, V.",PP 482,"Ivanov, Viktor Semenovich","Иванов, Виктор Семёнович",,,Born in 1909; Died in 1968,
CR or SR,PP 483,CR or SR,CR или СР,,,,Poster is in Ukrainian language and produced by the Germans during their Ukrainian occupation in WWII
"Ivanov, V.",PP 484,"Ivanov, Viktor Semenovich","Иванов, Виктор Семёнович",,,Born in 1909; Died in 1968,
"Mal'tsev, P.",PP 485,"Maltsev, Peter Tarasovich ","Мальцев, Петр Тарасович",,,Born in 1907; Died in 1993,
"Koretskii, V.",PP 486,"Koretskii, Viktor Borisovich","Корецкий, Виктор Борисович",,,Born in 1909; Died in 1998,
"Bogdanov, G.",PP 487,"Bogdanov, G.","Богданов, Г.",,,,
"Pankoks, A.",PP 488,"Pankok (Pankoks), Arnold (Arnolds)","Панкокс, Арнольдс",,,Born in 1914; Died in 2008; Latvian artist,
"Karpovskii, N.",PP 489,"Karpovskii, Naum Pavlovich","Карповский, Наум Павлович",,,,
"Piskunov, P.",PP 490,"Piskunov, P.","Пискунов, П.",,,,
"Grebenshchikov, V.",PP 491,"Grebenshchikov, V.","Гребенщиков, В.",,,,
"Klimashin, V.",PP 492,"Klimashin, Viktor Semenovich","Климашин, Виктор Семенович",,,Born in 1912; Died in 1960; artist is known for the 1945 cover illustration of 'Semna' magazine that was turned into a WWII anniversary poster,
"Vatolina, N.",PP 493,"Vatolina, Nina Nikolaevicha","Ватолина, Нина Николаевна",,,Born in 1915; Died in 2002,
"Koretskii, V.",PP 494,"Koretskii, Viktor Borisovich","Корецкий, Виктор Борисович",,,Born in 1909; Died in 1998,
"Mal'tsev, P.",PP 495,"Maltsev, Peter Tarasovich ","Мальцев, Петр Тарасович",,,Born in 1907; Died in 1993,
"Alferov, Iu.",PP 496,"Alferov, Iuri","Алферов, Юпий ",,,,
"Nesterova, M.",PP 497,"Nesterova-Berzina, Maria Aleksandrovna","Нестерова-Берзина, Мария Александровна",,,Born in 1897; Died in 1965,
"Vatolina, N.",PP 498,"Vatolina, Nina Nikolaevicha","Ватолина, Нина Николаевна",,,Born in 1915; Died in 2002,
"Vatolina, N.",PP 499,"Vatolina, Nina Nikolaevicha","Ватолина, Нина Николаевна",,,Born in 1915; Died in 2002,
"Berezovskii, B.",PP 500,"Berezovskii, Boris Feoktistovich","Березовский, Борис Феоктистович ",,,Born in 1910; Died in 1977,
"Smoliak, N.",PP 501,"Smoliak, Nikolai Petrovich","Смоляк, Николай Петрович",,,Born in 1910; Died in 1963,
"Ivanov, K.",PP 502,"Ivanov, Konstantin Konstantinovich ","Иванов, Константин Константинович","Koliabin, V.; third artist's name is illegible","Колябин, Владимир; неразборчивое имя",Born in 1921; Died in 2003,
Ozerovi,PP 503,Ozerovi,,,,Latvian artist,
"Nesterova-Berzina, M.",PP 504,"Nesterova-Berzina, Maria Aleksandrovna","Нестерова-Берзина, Мария Александровна",,,Born in 1897; Died in 1965,
"Lavrov, A.",PP 505,"Lavrov, Aleksei Ivanovich","Лавров, Алексей Иванович",,,,
"Koretskii, V.",PP 506,"Koretskii, Viktor Borisovich","Корецкий, Виктор Борисович",,,Born in 1909; Died in 1998,
"Ganf, I.",PP 507,"Ganf, (Iang) Iosif Abramovich","Ганф, (Янг) Иосиф Абрамович",,,Born in 1913; Died in 1975; Artist is also known as Iang (янг),
"Shirokorad, B. ",PP 508,"Shirokorad, Boris Nikolaevich ","Широкорад, Борис Николаевич   ",,,Born in 1907; Died in 1998,
"Koretskii, V.",PP 509,"Koretskii, Viktor Borisovich","Корецкий, Виктор Борисович",,,Born in 1909; Died in 1998,
"Antonchenko, A.",PP 510,"Antonchenko, A.","Антонченко, А. ",,,,
"Shubina, G.",PP 511,"Shubina, Galina Konstantinova","Шубина, Галина Константиновна ",,,Born in 1902; Died in 1980,
"Koretskii, V.",PP 512,"Koretskii, Viktor Borisovich","Корецкий, Виктор Борисович",,,Born in 1909; Died in 1998,
"Koretskii, V.",PP 513,"Koretskii, Viktor Borisovich","Корецкий, Виктор Борисович",,,Born in 1909; Died in 1998,
"Ivanov, V.",PP 514,"Ivanov, Viktor Semenovich","Иванов, Виктор Семёнович",,,Born in 1909; Died in 1968,
"V""lchev, N.",PP 515,"V''lchev, Nikola ","Вълчев, Никола ",,,Born in 1897; Death date unknown,
"Mitriashkin, M.",PP 516,"Mitriashkin, Mikhail Iakovlevich","Митряшкин, Михаил Яковлевич",,,Born in 1926; Died in 2004,
"Volikov, V.",PP 517,"Volikov, Vadim Petrovich","Воликов, Вадим Петрович",,,Born in 1927; Died in 1989,
"Mitriashkin, M.",PP 518,"Mitriashkin, Mikhail Iakovlevich","Митряшкин, Михаил Яковлевич",,,Born in 1926; Died in 2004,
"Ivanov, K.",PP 519,"Ivanov, Konstantin Konstantinovich ","Иванов, Константин Константинович",,,Born in 1921; Died in 2003,
"Maloletkov, E.S.",PP 520,"Maloletkov, E.S.","Малолетков, Е.С.",,,,
"Kirkov, I. ",PP 521,"Kirkov, Ivan","Кирков, Иван ",,,,
"Golovanov, L.",PP 522,"Golovanov, Leonid Fedorovich","Голованов, Леонид Федорович",,,,
"Koretskii, V.",PP 523,"Koretskii, Viktor Borisovich","Корецкий, Виктор Борисович",,,Born in 1909; Died in 1998,
"Koretskii, V.",PP 524,"Koretskii, Viktor Borisovich","Корецкий, Виктор Борисович",,,Born in 1909; Died in 1998,
"Vertogradov, E.",PP 525,"Vertogradov, Evgenii Arkad'evich","Вертоградов, Евгений Аркадьевич",,,Artist born in Moscow 1941,
"Naryshkin, V. ",PP 526,"Naryshkin, Viacheslav Aleksandrovich","Нарышкин, Вячеслав Александрович ",,,Born in 1919; Died in 1991,
"Babin, N.",PP 527,"Babin, Nikolai Semenovich","Бабин, Николай Семенович","Gausman,Georgii-Eduard Vladimirovich","Гаусман, Георгий-Эдуард Владимирович",,
"Angelushev, B.",PP 528,"Angelushev, Boris","Ангелушев, Борис ",,,Bulgarian graphic artist,Poster is in Bulgarian language
"Vatolina, N.",PP 529,"Vatolina, Nina Nikolaevicha","Ватолина, Нина Николаевна",,,Born in 1915; Died in 2002,
"Chernomordik, A.",PP 530,"Chernomordik, Avenir Iosifovish","Черномордик, Авенир Иосифович",,,,Poster is in Azerbaijani language
"Kochergin, N.",PP 531,"Kochergin, Nikolai Mikhailovich","Кочергин, Николай Михайлович ",,,Born in 1897; Died in 1974,
"Nikolaev, A.",PP 532,"Nikolaev, A.","Николаев, А.",,,,
Unknown,PP 533,Artist Unknown,неизвестный художник,,,,
"Ostrov, S.",PP 534,"Ostrov, S.","Остров, С.",,,,
"Lapshina, Z.",PP 535,"Lapshina, Zinaida Ivanova","Лапшина, Зинаида Ивановна",,,Born in 1946,
"Koretskii, V.",PP 536,"Koretskii, Viktor Borisovich","Корецкий, Виктор Борисович",,,Born in 1909; Died in 1998,
Artist Pending,PP 537,Pending Translation,Без Перевода,,,,Poster is in Georgian language
"Koretskii, V.",PP 538,"Koretskii, Viktor Borisovich","Корецкий, Виктор Борисович",,,Born in 1909; Died in 1998,
Unknown,PP 539,Artist Unknown,неизвестный художник,,,,
"Deni, V.",PP 540,"Deni (Denisov), Viktor Nikolaevich ","Дени (Денисов), Виктор Николаевич ","Dolgorukov, Nikolai Andreevich; Dubchanov, L.","Долгоруков, Николай Андреевич; Дубчанов, Л",Born in 1893; Died in 1946,
"Deni, V.",PP 541,"Deni (Denisov), Viktor Nikolaevich ","Дени (Денисов), Виктор Николаевич ","Dolgorukov, Nikolai Andreevich","Долгоруков, Николай Андреевич",Born in 1893; Died in 1946,Attributed to Deni
"Mel'nikova, E.",PP 542,"Mel'nikova, E.","Мельникова, Е.",,,,
"Shubina, G.",PP 543,"Shubina, Galina Konstantinova","Шубина, Галина Константиновна ",,,Born in 1902; Died in 1980,
"Luzhkovskii, E.",PP 544,"Luzhkovskii, E.","Лужковский, Е.",,,,
"Ivanov, V.",PP 545,"Ivanov, Viktor Semenovich","Иванов, Виктор Семёнович",,,Born in 1909; Died in 1968,
"Iurchuk, I.",PP 546,"Iurchuk, I.","Юрчук, И.",,,,
"Livanova, V.",PP 547,"Livanova, Vera Mikhailovna","Ливанова, Вера Михайловна",,,,
"Artsrunian, E.",PP 548,"Artsrunian, Eduard Simonovich","Арцрунян, Эдуард Симонович",,,Born in 1929; Died in 2010,
Illegible,PP 549,initials illegible,неразборчивое имя,,,Аrtist's initials are illegible ,Artist signs poster with initials
"Mirzoev, G.",PP 550,"Mirzoev, Grigorii Iosifovich","Мирзоев, Григорий Иосифович",,,,Poster is in Azerbaijani language
"Viktorov, V.",PP 551,"Viktorov, Valentin Petrovich","Викторов, Валентин Петрович",,,Born in 1909; Died in 1981,
Unassigned,PP 552,Unassigned,Unassigned,,,,
"Dolgorukov, N.",PP 553,"Dolgorukov, Nikolai Andreevich","Долгоруков, Николай Андреевич",,,Born in 1902; Died in 1980,
"Meerson, A.",PP 554,"Meerson, A. Ia. ",Меерсон А.Я. ,,,,
"Zelinskii, B.",PP 555,"Zelenskii (Zelinskii), Boris Aleksandrovich","Зеленский, (Зелинский) Борис Александрович",,,Born in 1914; Died in 1984,
Unknown,PP 556,Artist Unknown,неизвестный художник,,,,
"Goriaev, V.",PP 557,"Goriaev, Vitalii Nikolaevich","Горяев, Виталий Николаевич",,,,
"Deni, V.",PP 558,"Deni (Denisov), Viktor Nikolaevich ","Дени (Денисов), Виктор Николаевич ",,,Born in 1893; Died in 1946,
Unknown,PP 559,Artist Unknown,неизвестный художник,,,,
Unknown,PP 560,Artist Unknown,неизвестный художник,,,,Poster is in Spanish language and was produced in Argentina
"Malsov, A.",PP 561,"Slama, Victor Theodor ",,,,Austrian artist; Born in 1890; Died in 1973,Malsov was the pen name of the artist
"Malsov, A.",PP 562,"Slama, Victor Theodor ",,,,Austrian artist; Born in 1890; Died in 1973,Malsov was the pen name of the artist
AAA,PP 563,AAA,ААА,,,,Artist signs poster with initials
Unknown,PP 564,Artist Unknown,неизвестный художник,,,,
Illegible,PP 565,initials illegible,неразборчивое имя,,,Artist initials might be 'F. Sh.' ,Artist signs poster with initials
"Alt, J.",PP 566,"Alt, Jupp",,,,Born in 1921; East German graphic artist,Poster is in German language
"Aleksandrov, A.",PP 567,"Aleksandrov, (Selzen') Akeksandr Ivanovich","Александров (Селезень), Александр Иванович ","Kirillov, S.","Кириллов, С.",Born in 1894; Died in 1948,
"Koretskii, V.",PP 568,"Koretskii, Viktor Borisovich","Корецкий, Виктор Борисович",,,Born in 1909; Died in 1998,
"Kalenskii, V.",PP 569,"Kalenskii, Vladimir Dionisievich","Каленский, Владимир Дионисиевич",,,Born in 1920,
"Ivanov, V.",PP 570,"Ivanov, Viktor Semenovich","Иванов, Виктор Семёнович",,,Born in 1909; Died in 1968,
"Denisovskii, A.",PP 571,"Denisovskii, Nikolai Fedorovich","Денисовский, Николай Федорович",,,,Poster incorrectly has the initial 'A' for the artist's given name
"Poliakov, D.",PP 572,"Poliakov, D.","Поляков, Д.",,,,
"Chernov, A.",PP 573,"Chernov, A.","Чернов, А.",,,,
"Lito, S.",PP 574,"Lito, S.",,,,Albanian artist,
"Dovzhenko, G.",PP 575,"Dovzhenko, Grigorii Avksentievich ","Довженко, Григорий Авксеньевич",,,Born in 1899; Died in 1980,
P.A.,PP 576,P.A. (PA),П.А. (ПА),,,,Artist signs poster with initials
"Skokov, N.",PP 577,"Skokov, N.","Скоков, Н.",,,,
"Lavrov, A.",PP 578,"Lavrov, Aleksei Ivanovich","Лавров, Алексей Иванович",,,,
"Ganf, I.",PP 579,"Ganf, (Iang) Iosif Abramovich","Ганф, (Янг) Иосиф Абрамович",,,Born in 1913; Died in 1975; Artist is also known as Iang (янг),
"Ivanov, V.",PP 580,"Ivanov, Viktor Semenovich","Иванов, Виктор Семёнович","Burova, Ol'ga Konstantinova","Бурова, Ольга Константиновна",Born in 1909; Died in 1968,
"Abramov, M.A.",PP 581,"Abramov, Mark Aleksandrovich","Абрамов, Марк Александрович ","Dobrovol'skii, V.P.","Добровольский, Виктор Николаевич",,
"Mucenieks, A.",PP 582,"Muceniek (Mucenieks), Arthur (Arturs) Ianovich","Муцениек (Муцениекс), Артур (Артурс) Янович",,,Latvian artist,
"Bronfman, M.",PP 583,"Bronfman, M.","Бронфман, М.",,,,
"Zernova, E.",PP 584,"Zernova, Ekaterina Sergeevna","Зернова, Екатерина Сергеевна",,,Born in 1900; Died in 1995,
"Vladimirov, V.",PP 585,"Vladimirov, Vladimir Petrovich","Владимиров, Владимир Петрович","Kominarets (Komenarets), Igor Aleksandrovich"," Коминарец (Коменарец), Игорь Александрович",Born in 1920,
"Koretskii, V.",PP 586,"Koretskii, Viktor Borisovich","Корецкий, Виктор Борисович",,,Born in 1909; Died in 1998,
"Serov, V.",PP 587,"Serov, Vladimir Aleksandrovich","Серов, Владимир Александрович ",,,Born in 1910; Died in 1968,
Unknown,PP 588,Artist Unknown,неизвестный художник,,,,
Ovsiannikov,PP 589,"Ovsiannikov, Leonid Fedorovich ","Овсянников, Леонид Федорович",,,Born in 1880; Died in 1970,Attributed to Leonid Fedorovich Ovsiannikov 
"Koretskii, V.",PP 590,"Koretskii, Viktor Borisovich","Корецкий, Виктор Борисович",,,Born in 1909; Died in 1998,
Unknown,PP 591,Artist Unknown,неизвестный художник,,,,
"Kochergin, N.",PP 592,"Kochergin, Nikolai Mikhailovich","Кочергин, Николай Михайлович ",,,Born in 1897; Died in 1974,
"Gerasimov, N.",PP 593,"Gerasimov, Mikhail Nikolai","Герасимов, Михаил Николай",,,Born in 1897; Died in 1974,Poster is in Uzbek language
"Mukhin, B.",PP 594,"Mukhin, Boris Aleksandrovich","Мухин, Борис Александрович",,,,
Magidson,PP 595,"Magidson, Ada (Adriana) Solomonovna","Магидсон, Ада (Адриана) Соломоновна","Starodub, N.S.; Khokhlova, L.I.  ","Стародуб, Н.С.; Хохлова, Л.И.",,
"Makarychev, T.",PP 596,"Makarychev, T.","Макарычев, Т.",,,,
Illegible,PP 597,illegible name,неразборчивое имя,,,Аrtist's name is illegible ,
"Smukrovich, P.",PP 598,"Smukrovich, Peter Iosifovich","Смукрович, Пётр Иосифович",,,Born in 1878; Died in 1941 or 1942,Attributed to Peter Smukrovich
"Topikov, A.",PP 599,"Topikov, A.","Топиков, А.",,,,
Unknown,PP 600,Artist Unknown,неизвестный художник,,,,
Artist Pending,PP 601,Pending Translation,Без Перевода,,,,Poster is in Kirghiz and Russian languages
"Marfin, S.",PP 602,"Marfin, S.","Марфин, С.",,,,Poster is in Uzbek language
"Bondarshi, N.",PP 603,"Bondarshi, N.","Бондарши, Н.","Radchenko, F.","Радченко, Ф.",,
"Tagirov, F. ",PP 604,"Tagirov, Faik Shakirdzhanovich","Тагиров, Фаик Шакирджанович",,,Born in 1906; Died in 1978,Poster is in Tartar language
K.V. ,PP 605,K.V. (KV),К.В. (КВ),,,,Artist signs poster with initials
"Valdmanis, V.",PP 606,"Valdmanis, Voldemar (Voldemārs) ","Валдманис, Волдемар ",,,Born in 1905; Died in 1966; Latvian artist,
Artist Pending,PP 607,Pending Translation,Без Перевода,,,,Poster is in Georgian language
"Merega, E.",PP 608 ,"Merega, Evgenii Nikitovich (Nikitch)","Мерега, Евгений Никитович (Никитч)",,,Born in 1910; Died in 1979; Moldovian artist,Poster is in Moldovan language
"Vlasov, S.",PP 609,"Vlasov, Sergei Adrianovich","Власов, Сергей Адрианович",,,,
Unknown,PP 610,Artist Unknown,неизвестный художник,,,,
"Koretskii, V.",PP 611,"Koretskii, Viktor Borisovich","Корецкий, Виктор Борисович",,,Born in 1909; Died in 1998,
"Toidze, I.",PP 612,"Toidze, Iraklii Moiseevich","Тоидзе, Ираклий Моисеевич",,,Born in 1902; Died in 1985; Georgian artist,
"Apsit, A.",PP 613,"Apsitis (Apsītis), Aleksandr (Aleksandrs) Petrovich","Апситис, Александр Петрович",,,Born in 1880; Died in 1944,
I.R. ,PP 614,"Rerberg, Ivan","Рерберг, Иван",,,,Attributed to Ivan Rerberg
"Nepomniashchii, L.",PP 615,"Getman, M",,,,Born in 1939,
"Nepomniashchii, L.",PP 616 ,"Nepomniashchii, Leonid Mikhailovich","Непомнящий, Леонид Михайлович",,,Born in 1939,
"Masliakov, O.",PP 617,"Masliakov, Oleg Dmitrievich","Масляков, Олег Дмитриевич",,,Born in 1928,
"Kokorekin, A.",PP 618,"Kokorekin, Aleksei Alekseevich","Кокорекин, Алексей Алексеевич ",,,Born in 1906; Died in 1959,
"Koretskii, V.",PP 619,"Koretskii, Viktor Borisovich","Корецкий, Виктор Борисович",,,Born in 1909; Died in 1998,
"Filatov, D.",PP 620,"Filatov, D.","Филатов, Д.",,,,
"Schiemann, E. ",PP 621,"Shiman (Schiemann), Eduard Gustavovich","Шиман, Эдуард Густавович ",,,Artist reportedly used the pen name 'Pat' or 'Pet' ,Attributed to Schiemann; Poster is in Ukranian language
"Masiutin, V.N.",PP 622,"Masiutin, Vasilii Nikolaevich","Масютин, Василий Николаевич",,,Born in 1884; Died in 1955,
AKhRR,PP 623,A.Kh.R.R. (AKhRR),А.Х.Р.Р. (АХРР),,,AKhRR is the Associated Artists of Revolutionary Russia,
"Ivanov, V.",PP 624,"Ivanov, Viktor Semenovich","Иванов, Виктор Семёнович",,,Born in 1909; Died in 1968,
"Mikhailova, K.",PP 625,"Mikhailova, Klavdiia Ivanovna","Михайлова, Клавдия Ивановна",,,Born in 1876; Died in 1942,"Poster is in Nanai language and various languages of North Russia and Siberia; poster was created by NIANIS, part of the Institute of Peoples of the North (Институт Народов Севера) in Leningrad"
"Usenko, V. ",PP 626,"Usenko, Vitalii","Усенко, Виталий ",,,,Poster is for the promotion of a proletkult program; attributed to Vitalii Usenko
Unknown,PP 627,Artist Unknown,неизвестный художник,,,,
"Savostiuk, O.",PP 628,"Savostiuk, Oleg Mikhailovich","Савостюк, Олег Михайлович",,,Born in 1927,
"Koretskii, V.",PP 629,"Koretskii, Viktor Borisovich","Корецкий, Виктор Борисович",,,Born in 1909; Died in 1998,
Unknown,PP 630,Artist Unknown,неизвестный художник,,,,
"Serov, V. A. ",PP 631,"Serov, Vladimir Aleksandrovich","Серов, Владимир Александрович ",,,Born in 1910; Died in 1968,
"Kogout, N.",PP 632,"Kogout, Nikolai Nikolaevich ","Когоут, Николай Николаевич",,,Born in 1891; Died in 1959,
Unknown,PP 633,Artist Unknown,неизвестный художник,,,,Poster is in a Oirat language
T.B. ,PP 634,"Boichuk, Timofei L'vovich","Бойчук, Тимофей Львович",,,Born 1893 to 1896; Died in 1922,Attributed to Boichuck
"Danchich, B.",PP 635,"Danchich, Boris Viktorovich","Данчич, Борис Викторович ",,,Artist worked primarily an architect,
"Moor, D.",PP 636,"Orlov, (Moor) Dmitrii Stakhievich","Орлов, (Моор) Дмитрий Стахиевич",,,Born in 1883; Died in 1946; Moor is the artist's pen name,
"Moor, D.",PP 637,"Orlov, (Moor) Dmitrii Stakhievich","Орлов, (Моор) Дмитрий Стахиевич",,,Born in 1883; Died in 1946; Moor is the artist's pen name,
"Ivanov, S.",PP 638,"Ivanov, Sergei Ivanovich","Иванов, Сергей Иванович ",,,,
"Sokolov-Skalia, P.P.",PP 639,"Sokolov-Skalia, Pavel Petrovich","Соколов-Скаля, Павел Петрович  ",,,Born in 1899; Died in 1961,
"Koretskii, V.",PP 640,"Koretskii, Viktor Borisovich","Корецкий, Виктор Борисович",,,Born in 1909; Died in 1998,
"Solov'ev, M.",PP 641,"Solov'ev, Mikhail Mikailovich","Соловьев, Михаил Михайлович",,,Born in 1905; Died in 1990,
"Golub', P. ",PP 642,"Golub’, Petr Semenovich","Голубь, Петр Семенович","Chernov, A.","Чернов, А.",Born in 1913; Died in 1953,
"Skop,S. ",PP 643,"Skop (Škop), Siima","Скоп, Сиима ",,,Born in 1920; Death date unknown; Artist is Estonian,
Unknown,PP 644,Artist Unknown,неизвестный художник,,,,
"Dolgorukov, N.",PP 645,"Dolgorukov, Nikolai Andreevich","Долгоруков, Николай Андреевич",,,Born in 1902; Died in 1980,
"Kuvan, P.",PP 646,"Kuvan, Pavel","Куван, Павел",,,,
Unknown,PP 647,Artist Unknown,неизвестный художник,,,,Poster is in Chuvash language
"Ivanov, D.",PP 648 ,"Ivanov, D.","Иванов, Д. ",,,Bulgarian graphic artist,Poster is in Bulgarian language
Unknown,PP 649,Artist Unknown,неизвестный художник,,,,
"Ivanov, K. ",PP 650,"Ivanov, Konstantin Konstantinovich ","Иванов, Константин Константинович","Briskin, Veniamin Markovich ","Брискин, Вениамин Маркович",Born in 1921; Died in 2003,
Unknown,PP 651,Artist Unknown,неизвестный художник,,,,
"Merega, E.",PP 652,"Merega, Evgenii Nikitovich (Nikitch)","Мерега, Евгений Никитович (Никитч)",,,Born in 1910; Died in 1979; Moldovian artist,
"Deni, V.",PP 653,"Deni (Denisov), Viktor Nikolaevich ","Дени (Денисов), Виктор Николаевич ",,,Born in 1893; Died in 1946,
"Savvin, V.",PP 654,"Savvin, Viktor Markianovich","Саввин, Виктор Маркианович ",,,Born in 1907; Died in 1971,Poster is in Ukranian language
Prutskii,PP 655,"Prutskikh (Prutskii), Aleksandr Semenovich","Пруцких (Пруцкий), Александр Семенович",,,Born in 1901; Died in 1977,
"Dobrov, A.",PP 656,"Dobrov, Alexander Nikolaevich","Добров, Александр Николаевич",,,,
"Koretskii, V.",PP 657,"Koretskii, Viktor Borisovich","Корецкий, Виктор Борисович",,,Born in 1909; Died in 1998,Poster is in German language
"Koretskii, V.",PP 658,"Koretskii, Viktor Borisovich","Корецкий, Виктор Борисович",,,Born in 1909; Died in 1998,
Artist Pending,PP 659,Pending Translation,Без Перевода,,,,Poster is in Chinese language
Unknown,PP 660,Artist Unknown,неизвестный художник,,,,
"Borovkov, M.",PP 661,"Borovkov, M.","Боровков, М.",,,,"Poster was designed by IZO Proletkul't, an artist collective"
Unknown,PP 662,Artist Unknown,неизвестный художник,,,,
"Deni, V.",PP 663,"Deni (Denisov), Viktor Nikolaevich ","Дени (Денисов), Виктор Николаевич ",,,Born in 1893; Died in 1946,
Kh.M.8 ,PP 664,Kh.M.8 (KhM8),XM8,,,Abbreviation for the State Free Artists' Studios (No. 8) [Khudozhestvenye masterskii] – a cooperative that produced posters,"Poster contains the notation, 'original work of the “Lenizogiz” Fine Art Studio'"
Unknown,PP 665,Artist Unknown,неизвестный художник,,,,Poster is in Ukranian language
"Berezovskii, B.",PP 666 ,"Berezovskii, Boris Feoktistovich","Березовский, Борис Феоктистович ","Shagin, I.","Шагин, И.",Born in 1910; Died in 1977,
"Klutsis, G.",PP 667,"Klutsis (Klucis), Gustav (Gustavs) Gustavovich","Клуцис, Густав Густавович ",,,Born in 1895; Died in 1938 or 1944,Poster is in Yakut language
Unknown,PP 668,Artist Unknown,неизвестный художник,,,,
"Kochergin, N.",PP 669,"Kochergin, Nikolai Mikhailovich","Кочергин, Николай Михайлович ",,,Born in 1897; Died in 1974,Attributed to Kochergin
"Iastrzhembskii, P.",PP 670,"Iastrzhembskii, P.","Ястржембский, П. ",,,,
"Artsrunian, E.",PP 671,"Artsrunian, Eduard Simonovich","Арцрунян, Эдуард Симонович",,,Born in 1929; Died in 2010,
"Deni, V.",PP 672,"Deni (Denisov), Viktor Nikolaevich ","Дени (Денисов), Виктор Николаевич ","Dolgorukov, Nikolai Andreevich","Долгоруков, Николай Андреевич",Born in 1893; Died in 1946,
"Koretskii, V.",PP 673,"Koretskii, Viktor Borisovich","Корецкий, Виктор Борисович",,,Born in 1909; Died in 1998,
"Vatolina, N.",PP 674,"Vatolina, Nina Nikolaevicha","Ватолина, Нина Николаевна",,,Born in 1915; Died in 2002,
"Vatolina, N.",PP 675,"Vatolina, Nina Nikolaevicha","Ватолина, Нина Николаевна",,,Born in 1915; Died in 2002,
"Golovanov, L.",PP 676,"Golovanov, Leonid Fedorovich","Голованов, Леонид Федорович",,,,
"Slavinskii, N.",PP 677,"Slavinskii, N.","Славинский, Н",,,,Attributed to Slavinskii
"Gugunava, G.",PP 678,"Gugunava, G.","Гугунава, Г.",,,,
Pokarzhevskii,PP 679,"Pokarzhevskii, Petr Dimitrievich","Покаржевский, Петр Дмитриевич  ",,,Born in 1889; Died in 1968,
"Pinchuk, V.B.",PP 680,"Pinchuk, Veniamin Borisovich","Пинчук, Вениамин Борисович",,,Born in 1908; Died in 1987,
"Deni, V.",PP 681,"Deni (Denisov), Viktor Nikolaevich ","Дени (Денисов), Виктор Николаевич ",,,Born in 1893; Died in 1946,
"Moor, D.",PP 682,"Orlov, (Moor) Dmitrii Stakhievich","Орлов, (Моор) Дмитрий Стахиевич",,,Born in 1883; Died in 1946; Moor is the artist's pen name,
"Iang, I.A.",PP 683,"Ganf, (Iang) Iosif Abramovich","Ганф, (Янг) Иосиф Абрамович",,,Ganf is actual surname,
"Brodaty, L. ",PP 684,"Brodaty, Lev Grigor'evich","Бродаты, Лев Григорьевич",,,,Attributed to Brodaty
"Usmonov, Kh.",PP 685,"Usmonov, Kh.",Усмонов Х.,,,,Poster is in Tadjik language
Unknown,PP 686,Artist Unknown,неизвестный художник,,,,Poster is in Estonian language
"Merega, E.",PP 687,"Merega, Evgenii Nikitovich (Nikitch)","Мерега, Евгений Никитович (Никитч)",,,Born in 1910; Died in 1979; Moldovian artist,Poster is in Moldovan language
"Usmonov, Kh.",PP 688,"Usmonov, Kh.",Усмонов Х.,,,,Poster is in Tadjik and Russian languages
"Koretskii, V.",PP 689,"Koretskii, Viktor Borisovich","Корецкий, Виктор Борисович",,,Born in 1909; Died in 1998,
"Gutmans, S.",PP 690,"Gutman, (Gutmans) (Gutmanis) Simon (Simons)","Гутман, (Гутманс) (Гутманис) Симон",,,Latvian artist,Poster is in Latvian language
"Tungla, R.",PP 691,"Tungl (Tungla), R.","Тунгал, Р. ",,,Estonian artist,Poster is in Estonian language
Illegible,PP 692,illegible name,неразборчивое имя,,,Аrtist's name is illegible ,
"Toidze, I.",PP 693,"Toidze, Iraklii Moiseevich","Тоидзе, Ираклий Моисеевич",,,Born in 1902; Died in 1985; Georgian artist,
"Mel'nikov, D.",PP 694,"Mel'nikov, Dmitrii Ivanovich","Мельников, Дмитрий Иванович",,,,
Unknown,PP 695,Artist Unknown,неизвестный художник,,,,
"Voronov, M.",PP 696,"Voronov, Leonid Alexandrovich","Воронов, Леонид Александрович","Evstaf'ev, Mikhail Il'ich","Евстафьев, Михаил Ильич",,
"Veideman, N. Ia.",PP 697,"Veideman (Veidemanis), Karl (Karlis) Ianovich","Вейдеман, Карл Янович",,,Born in 1879; Died in 1938,
Unknown,PP 698,Artist Unknown,неизвестный художник,,,,
Korobov,PP 699,"Korobov, Aleksandr Alekseevich","Коробов, Александр Алексеевич","Anderson (Anders), Vold'demar (Vladimir) Petrovich","Андерсон (Андерс), Вольдемар (Владимир) Петрович",,
"Zvorykin, B.",PP 700,"Zvorykin, Boris Vasil'evich","Зворыкин, Борис Васильевич",,,Born in 1872; Died in 1942,
"Koretskii, V.",PP 701,"Koretskii, Viktor Borisovich","Корецкий, Виктор Борисович","Kershin, Iurii Vladimirovich","Кершин, Юрий Владимирович",Born in 1909; Died in 1998,
F.Sh.,PP 702,F.Sh. (Fsh),Ф.Ш. (ФШ),,,,Artist signs poster with initials; Poster is in Ukranian language
"Kokorekin, A.",PP 703,"Kokorekin, Aleksei Alekseevich","Кокорекин, Алексей Алексеевич ",,,Born in 1906; Died in 1959,Poster is in Tatar language
Unknown,PP 704,Artist Unknown,неизвестный художник,,,,
"Kost, V.",PP 705,"Kostianitsyn (Kost), Vasilii Nikolaevich ","Костяницын, Василий Николаевич  ",,,Born in 1881; Died in 1940,"Artist signed their posters under two pen names, Kost and Kostits"
"Gordon, M.A.",PP 706,"Gordon, Mikhail Abramovich","Гордон, Михаил Абрамович",,,Born in 1918; Died in 2003,
"Belotsvetova, T. F.",PP 707,"Belotsvetova, Tat'iana Fedorovna","Белоцветова, Татьяна Федоровна",,,Born in 1902; Death date unknown,
"Moor, D.",PP 708,"Orlov, (Moor) Dmitrii Stakhievich","Орлов, (Моор) Дмитрий Стахиевич",,,Born in 1883; Died in 1946; Moor is the artist's pen name,
"Janson, R.",PP 709,"Janson (Jansons), Rudolf (Rūdolfs)","Янсон, (Янсонс) Рудольф",,,Lativian artist,
"Shubina, G.",PP 710,"Shubina, Galina Konstantinova","Шубина, Галина Константиновна ",,,Born in 1902; Died in 1980,
"Baskin, L",PP 711,"Baskin, Lev Semenovich","Баскин, Лев Семенович",,,,
"Stenberg, V.",PP 712,"Stenberg, Vladimir Avgustovich","Стенберг, Владимир Августович",,,Born in 1899; Died in 1982,
"Samusev, F. ",PP 713,"Samusev, Fedor Afanas'evich","Самусев, Федор Афанасьевич",,,Born in 1913; Died in 1983 or 1985,
"Shubina, G.",PP 714,"Shubina, Galina Konstantinova","Шубина, Галина Константиновна ",,,Born in 1902; Died in 1980,
Liubimov,PP 715,Liubimov,Любимов,,,Artist signs poster using only their surname ,Poster is in Polish language
AMKhR,PP 716,A.M.Kh.R. (AMKhR),А.М.Х.Р. (АМХР),,,Poster contains a chop that appears to be an acronym of an artist's collective,
Unknown,PP 717,Artist Unknown,неизвестный художник,,,,Text of poster is from the poem 'Red Army Man' by Vladimir Maiakovskii
"Mirzoev, G.",PP 718,"Mirzoev, Grigorii Iosifovich","Мирзоев, Григорий Иосифович",,,,
Unknown,PP 719,Artist Unknown,неизвестный художник,,,,
"Zernova, E. ",PP 720,"Zernova, Ekaterina Sergeevna","Зернова, Екатерина Сергеевна",,,Born in 1900; Died in 1995,
"Voronov, M.",PP 721,"Voronov, Leonid Alexandrovich","Воронов, Леонид Александрович","Evstaf'ev, Mikhail Il'ich","Евстафьев, Михаил Ильич",,
Artist Pending,PP 722,Pending Translation,Без Перевода,,,,Poster is in Georgian language
Unknown,PP 723,Artist Unknown,неизвестный художник,,,,
"Kazhdan, E.",PP 724,"Kazhdan, Evgenii Abramovich","Kаждан, Eвгений Aбрамович",,,Born in 1922; Died in 1984,
Unknown,PP 725,Artist Unknown,неизвестный художник,,,,
"Viaz'menskii, L.P.",PP 726,"Viaz'menskii, Lev Peisakhovich","Вязьменский, Лев Пейсахович",,,Born in 1901; Died in 1938,
"Khristoforov, S.A.",PP 727,"Khristoforov, Sergei Alexandrovich","Христофоров, Сергей Алехангрович ",,,,
"Arzhenikov, A.N. ",PP 728,"Arzhannikov, Aleksei Nikolaevich","Аржаников, Алексей Николаевич",,,,
"Golub', P.",PP 729,"Golub’, Petr Semenovich","Голубь, Петр Семенович",,,Born in 1913; Died in 1953,
Unknown,PP 730,Artist Unknown,неизвестный художник,,,,Poster is in Mari language
Unknown,PP 731,Artist Unknown,неизвестный художник,,,,
"Sachkov, V.",PP 732,"Sachkov, Vladimir Vasil'evich","Сачков, Владимир Васильевич",,,Born in 1928; Died in 2005,
"Gorlanov, V.",PP 733,"Gorlanov, V.","Горланов, В.","Solodovnikova, E.","Солодовникова, Е.",,
"Soborova, A.",PP 734,"Soborova, Aleksandra Sergeevna","Соборова, Александра Сергеевна",,,Born in 1882; Died in 1935,
"Golovanov, L.",PP 735,"Golovanov, Leonid Fedorovich","Голованов, Леонид Федорович",,,,
"Aliakrinskii, P.",PP 736,"Aliakrinskii, Petr Aleksandrovich","Алякринский, Петр Александрович","Vasil'eva, Galina Il'inichna","Васильева, Галина Ильинична",Born in 1892; Died in 1961,
"Koretskii, V.",PP 737,"Koretskii, Viktor Borisovich","Корецкий, Виктор Борисович",,,Born in 1909; Died in 1998,
"Ivanov, V. ",PP 738,"Ivanov, Viktor Semenovich","Иванов, Виктор Семёнович",,,Born in 1909; Died in 1968,
"Ivanov, V. ",PP 739,"Ivanov, Viktor Semenovich","Иванов, Виктор Семёнович",,,Born in 1909; Died in 1968,
"Karpenko, M.",PP 740,"Karpenko, Mikhail Mikhailovich","Карпенко, Михаил Михайлович",,,Born in 1915; Death date unknown,
"Dolgorukov, N.",PP 741,"Dolgorukov, Nikolai Andreevich","Долгоруков, Николай Андреевич",,,Born in 1902; Died in 1980,
"Apsit, A.",PP 742,"Apsitis (Apsītis), Aleksandr (Aleksandrs) Petrovich","Апситис, Александр Петрович",,,Born in 1880; Died in 1944,Artist signs with a chop
"Raev, S.",PP 743,"Raev, Semen Borisovich","Раев, Семен Борисович",,,Born in 1932,
"Koretskii, V.",PP 744,"Koretskii, Viktor Borisovich","Корецкий, Виктор Борисович",,,Born in 1909; Died in 1998,
"Golovanov, L.",PP 745,"Golovanov, Leonid Fedorovich","Голованов, Леонид Федорович",,,,
"Tskhadadze, Sh.",PP 746,"Tskhadadze, Sh.","Цхададзе, Ш.",,,,
"Moor, D.",PP 747,"Orlov, (Moor) Dmitrii Stakhievich","Орлов, (Моор) Дмитрий Стахиевич",,,Born in 1883; Died in 1946; Moor is the artist's pen name,
"Deni, V.",PP 748,"Deni (Denisov), Viktor Nikolaevich ","Дени (Денисов), Виктор Николаевич ",,,Born in 1893; Died in 1946,Attributed to Deni
Unknown,PP 749,Artist Unknown,неизвестный художник,,,,
"Vatolina, N.",PP 750,"Vatolina, Nina Nikolaevicha","Ватолина, Нина Николаевна",,,Born in 1915; Died in 2002,
"Kudriashova, K.",PP 751,"Kudriashova, Klavdia Andreevna","Кудряшова, Клавдия Андреевна",,,Born in 1927,
Unknown,PP 752,Artist Unknown,неизвестный художник,,,,Poster is in Spanish language and was produced in Cuba
"Denisov, N.",PP 753,"Denisov, Nikolai Viktorovich","Денисов, Николай Викторович","Pravdin, V.L. ","Правдин, В.Г.",,
"Shagin, I.",PP 754,"Shagin, I.","Шагин, И","Druzhkov, Aleksandr Vasil'evich ","Дружков, Александр Васильевич",Born in 1904; Died in 1982,
Unknown,PP 755,Artist Unknown,неизвестный художник,,,,
Unknown,PP 756,Artist Unknown,неизвестный художник,,,,
"Apsit, A.",PP 757,"Apsitis (Apsītis), Aleksandr (Aleksandrs) Petrovich","Апситис, Александр Петрович",,,Born in 1880; Died in 1944,Artist signs with a chop
"Moor, D.",PP 758,"Orlov, (Moor) Dmitrii Stakhievich","Орлов, (Моор) Дмитрий Стахиевич",,,Born in 1883; Died in 1946; Moor is the artist's pen name,"Attributed to Moor, D.  "
"Vorona, O. ",PP 759,"Vorona, O. ","Ворона, О.",,,,Poster is in Ukranian language
"Khalygov, G. ",PP 760,"Khalygov, Gazanfer","Халыгов, Газанфер ",,,Azerbaijani artist; Gazanfer is thought to be the given name of the artist,Poster is in Azerbaijani language
"Tereshchenko, N.",PP 761,"Tereshchenko, Nikolai Ivanovich","Терещенко, Николай Иванович",,,Born in 1923; Died in 2005,
"Savostiuk, O.",PP 762,"Savostiuk, Oleg Mikhailovich","Савостюк, Олег Михайлович","Uspenskii, Boris Aleksandrovich","Успенский, Борис Александрович",Born in 1927,
"Simakov, I.",PP 763,"Simakov, Ivan Vasil'evich","Симаков, Иван Васильевич",,,Born in 1877; Died in 1925,
"Ivanov, S.",PP 764,"Ivanov, Sergei Ivanovich","Иванов, Сергей Иванович ",,,,
"Zauers, N.",PP 765,"Zauer (Zauers), N. ","Зауерс, Н. ",,,Artist is Latvian,Poster is in Latvian language
Unknown,PP 766,Artist Unknown,неизвестный художник,,,,Poster is in Ukranian language
"Golovanov, L.",PP 767,"Golovanov, Leonid Fedorovich","Голованов, Леонид Федорович",,,,
"Sur'ianinov, R.",PP 768,"Sur'ianinov, Ruben Vasil'evich","Сурьянинов, Рубен Васильевич",,,Born in 1930; son of artist Vasilii Sur'ianinov,
"Koretskii, V.",PP 769,"Koretskii, Viktor Borisovich","Корецкий, Виктор Борисович",,,Born in 1909; Died in 1998,
"Dobrov, A.",PP 770,"Dobrov, Alexander Nikolaevich","Добров, Александр Николаевич",,,,
"Pankoks, A.",PP 771,"Pankok (Pankoks), Arnold (Arnolds)","Панкокс, Арнольдс",,,Born in 1914; Died in 2008; Latvian artist,
"Asejev, P.",PP 772,"Aseev, Petr Prokhorovich","Асеев, Петр Прохорович",,,,
"Biriukov, V.",PP 773,"Biriukov, V.","Бирюков, В. ",,,,
"Fester, I.",PP 774,"Fester, I.","Фестер, И.",,,,
Karan d'Ache,PP 775,Karan d'Ache,Каран д'Аш,,,,"Artist uses the pen name of the Russian-born French cartoonist, Emmanuel Poiré "
Unknown,PP 776,Artist Unknown,неизвестный художник,,,,
"Krasitskaia, A.",PP 777,"Krasitskaia, Ariadna Nikolaevena","Красицкая, Ариадна Николаевна ",,,Born in 1913,
"Koretskii, V.",PP 778,"Koretskii, Viktor Borisovich","Корецкий, Виктор Борисович",,,Born in 1909; Died in 1998,
"Karpovskii, N.",PP 779,"Karpovskii, Naum Pavlovich","Карповский, Наум Павлович",,,,
Unknown,PP 780,Artist Unknown,неизвестный художник,,,,Poster is in Mongolian language
"Dutov, N.",PP 781,"Dutov, N.","Дутов, Н. ",,,Artist might be L.N. Dutov ,
"Abramov, P.",PP 782,"Abramov, P.","Абрамов, П.",,,,
Unknown,PP 783,Artist Unknown,неизвестный художник,,,,
Unknown,PP 784,Artist Unknown,неизвестный художник,,,,
Unknown,PP 785,Artist Unknown,неизвестный художник,,,,Poster design may have been created by Ionna Broadskii
"Karpov, B.N.",PP 786,"Karpov, Boris Nikolaevich","Карпов, Борис Николаевич",,,Born in 1896; Died in 1968,
Unknown,PP 787,Artist Unknown,неизвестный художник,,,,
"Eltyshev, L.",PP 788,"Eltyshev, Leonid Andreevich","Елтышев, Леонид Андреевич",,,,
Unknown,PP 789,Artist Unknown,неизвестный художник,,,,
"Karimbejli, E.",PP 790,"Karimbeili (Karimbäjln), E. ","Каримбейли, З. ",,,Azerbaijani artist,Poster is in Azerbaijani language
"Jegers, A.",PP 791,"Eger, (Egers) Arvid (Arvids) Reynkhol'dovich","Егер, (Егерс) Арвид (Арвидс) Рейнхольдович",,,Born in 1922; Latvian artist,
"Apsit, A.",PP 792,"Apsitis (Apsītis), Aleksandr (Aleksandrs) Petrovich","Апситис, Александр Петрович",,,Born in 1880; Died in 1944,Attributed to Apsit
"Apsit, A.",PP 793,"Apsitis (Apsītis), Aleksandr (Aleksandrs) Petrovich","Апситис, Александр Петрович",,,Born in 1880; Died in 1944,"Artist signs poster with pen name, Skif"
Unknown,PP 794,Artist Unknown,неизвестный художник,,,,
Unknown,PP 795,Artist Unknown,неизвестный художник,,,,"Verses by the Soviet poet and satirist, Dem'ian Bedny (Yefim Pridvorov)"
"Sokolov-Skalia, P.P.",PP 796,"Sokolov-Skalia, Pavel Petrovich","Соколов-Скаля, Павел Петрович  ",,,Born in 1899; Died in 1961,
"Eiges, O.",PP 797,"Eiges, Olga Viacheslavovna","Эйгес, Ольга Вячеславовна ","Shervinskaia, Irina Evgen'evna","Шервинская, Ирина Евгеньевна  ",Born in 1910; Died in 1996,
Illegible,PP 798,illegible name,неразборчивое имя,,,Аrtist's name is illegible ,Bottom margin of poster is cut-off 
Unknown,PP 799,Artist Unknown,неизвестный художник,,,,
"Finogenov, K.",PP 800,"Finogenov, Konstantin Ivanovich","Финогенов, Константин Иванович",,,,
"Mirzoev, G.",PP 801,"Mirzoev, Grigorii Iosifovich","Мирзоев, Григорий Иосифович",,,,
"Prēdelis, U.",PP 802,"Predel (Prēdelis), Ulrich (Uldis)","Предель, Улдис",,,Born in 1920; Died in 1994; Latvian artist,